id,section,title,ifc_type,occupancy,design_phase,code_category,primary_responsibility,body
23,,Wood,,,,structural_design,structural_engineer,"User notes:About this chapter: Chapter 23 provides minimum requirements for the design of buildings and structures that use wood and wood-based products. The chapter is organized around three design methodologies: allowable stress design (ASD), load and resistance factor design (LRFD) and conventional light-frame construction. In addition it allows the use of the American Wood Council Wood Frame Construction Manual for a limited range of structures. Included in the chapter are references to design and manufacturing standards for various wood and wood-based products; general construction requirements; design criteria for lateral force-resisting systems and specific requirements for the application of the three design methods.Code development reminder: Code change proposals to sections preceded by the designation [BF] will be considered by a code development committee meeting during the 2024 (Group A) Code Development Cycle. All other code change proposals will be considered by a code development committee meeting during the 2025 (Group B) Code Development Cycle."
2301.1,Section 2301 General,Scope,,,,structural_design,structural_engineer,"The provisions of this chapter shall govern the materials, design, construction and quality of wood members and their fasteners."
2301.2,Section 2301 General,Dimensions,,,,structural_design,structural_engineer,"For the purposes of this chapter, where dimensions of lumber are specified, they shall be deemed to be nominal dimensions unless specifically designated as actual dimensions (see Section 2304.2). Where dimensions of cross-laminated timber thickness are specified, they shall be deemed to be actual dimensions."
2302.1,Section 2302 Design Requirements,General,,,,structural_design,structural_engineer,"The design of structural elements or systems, constructed partially or wholly of wood or wood-based products, shall be in accordance with one of the following methods:Allowable stress design in accordance with Sections 2304, 2305 and 2306.Load and resistance factor design in accordance with Sections 2304, 2305 and 2307.Conventional light-frame construction in accordance with Sections 2304 and 2308.AWC WFCM in accordance with Section 2309.The design and construction of log structures in accordance with the provisions of ICC 400."
2303.1,Section 2303 Minimum Standards and Quality,General,,,,structural_design,structural_engineer,Structural sawn lumber; end-jointed lumber; prefabricated wood I-joists; structural glued-laminated timber; cross-laminated timber; wood structural panels; fiberboard sheathing (where used structurally); hardboard siding (where used structurally); particleboard; preservative-treated wood; structural log members; structural composite lumber; round timber poles and piles; fire-retardant-treated wood; hardwood plywood; wood trusses; joist hangers; nails; and staples shall conform to the applicable provisions of this section.
2303.1.1,Section 2303 Minimum Standards and Quality,Sawn Lumber,,,,structural_design,structural_engineer,"Sawn lumber used for load-supporting purposes, including end-jointed or edge-glued lumber, machine stress-rated or machine-evaluated lumber, shall be identified by the grade mark of a lumber grading or inspection agency that has been approved by an accreditation body that complies with DOC PS 20 or equivalent. Grading practices and identification shall comply with rules published by an agency approved in accordance with the procedures of DOC PS 20 or equivalent procedures."
2303.1.1.1,Section 2303 Minimum Standards and Quality,Certificate of Inspection,,,,structural_design,structural_engineer,"In lieu of a grade mark on the material, a certificate of inspection as to species and grade issued by a lumber grading or inspection agency meeting the requirements of this section is permitted to be accepted for precut, remanufactured or rough-sawn lumber and for sizes larger than 3 inches (76 mm) nominal thickness."
2303.1.1.2,Section 2303 Minimum Standards and Quality,End-Jointed Lumber,,,,structural_design,structural_engineer,"Approved end-jointed lumber is permitted to be used interchangeably with solid-sawn members of the same species and grade. End-jointed lumber used in an assembly required to have a fire-resistance rating shall have the designation ""Heat Resistant Adhesive"" or ""HRA"" included in its grade mark."
2303.1.2,Section 2303 Minimum Standards and Quality,Prefabricated Wood I-Joists,,,,structural_design,structural_engineer,Structural capacities and design provisions for prefabricated wood I-joists shall be established and monitored in accordance with ASTM D5055.
2303.1.3,Section 2303 Minimum Standards and Quality,Structural Glued-Laminated Timber,,,,structural_design,structural_engineer,Glued-laminated timbers shall be manufactured and identified as required in ANSI/APA 190.1 and ASTM D3737.
2303.1.4,Section 2303 Minimum Standards and Quality,Cross-Laminated Timber,,,,structural_design,structural_engineer,Cross-laminated timbers shall be manufactured and identified in accordance with ANSI/APA PRG 320.
2303.1.5,Section 2303 Minimum Standards and Quality,Wood Structural Panels,,,,structural_design,structural_engineer,"Wood structural panels, where used structurally (including those used for siding, roof and wall sheathing, subflooring, diaphragms and built-up members), shall conform to the requirements for their type in DOC PS 1, DOC PS 2 or ANSI/APA PRP 210. Each panel or member shall be identified for grade, bond classification, and Performance Category by the trademarks of an approved testing and grading agency. The Performance Category value shall be used as the ""nominal panel thickness"" or ""panel thickness"" whenever referenced in this code. Wood structural panel components shall be designed and fabricated in accordance with the applicable standards listed in Section 2306.1 and identified by the trademarks of an approved testing and inspection agency indicating conformance to the applicable standard. In addition, wood structural panels where permanently exposed in outdoor applications shall be of exterior type, except that wood structural panel roof sheathing exposed to the outdoors on the underside is permitted to be Exposure 1 type."
2303.1.6,Section 2303 Minimum Standards and Quality,Fiberboard,,,,structural_design,structural_engineer,"Fiberboard for its various uses shall conform to ASTM C208. Fiberboard sheathing, where used structurally, shall be identified by an approved agency as conforming to ASTM C208."
2303.1.6.1,Section 2303 Minimum Standards and Quality,Jointing,,,,structural_design,structural_engineer,"To ensure tight-fitting assemblies, edges shall be manufactured with square, shiplapped, beveled, tongue-and-groove or U-shaped joints."
2303.1.6.2,Section 2303 Minimum Standards and Quality,Roof Insulation,,,,structural_design,structural_engineer,"Where used as roof insulation in all types of construction, fiberboard shall be protected with an approved roof covering."
2303.1.6.3,Section 2303 Minimum Standards and Quality,Wall Insulation,,,,structural_design,structural_engineer,"Where installed and fireblocked to comply with Chapter 7, fiberboards are permitted as wall insulation in all types of construction. In fire walls and fire barriers, unless treated to comply with Section 803.1 for Class A materials, the boards shall be cemented directly to the concrete, masonry or other noncombustible base and shall be protected with an approved noncombustible veneer anchored to the base without intervening airspaces."
2303.1.6.3.1,Section 2303 Minimum Standards and Quality,Protection,,,,structural_design,structural_engineer,Fiberboard wall insulation applied on the exterior of foundation walls shall be protected below ground level with a bituminous coating.
2303.1.7,Section 2303 Minimum Standards and Quality,Hardboard,,,,structural_design,structural_engineer,"Hardboard siding shall conform to the requirements of ANSI A135.6 and, where used structurally, shall be identified by the label of an approved agency. Hardboard underlayment shall meet the strength requirements of 7/32-inch (5.6 mm) or 1/4-inch (6.4 mm) service class hardboard planed or sanded on one side to a uniform thickness of not less than 0.200 inch (5.1 mm). Prefinished hardboard paneling shall meet the requirements of ANSI A135.5. Other basic hardboard products shall meet the requirements of ANSI A135.4. Hardboard products shall be installed in accordance with manufacture's recommendations."
2303.1.8,Section 2303 Minimum Standards and Quality,Particleboard,,,,structural_design,structural_engineer,Particleboard shall conform to ANSI A208.1. Particleboard shall be identified by the grade mark or certificate of inspection issued by an approved agency. Particleboard shall not be utilized for applications other than indicated in this section unless the particleboard complies with the provisions of Section 2306.3.
2303.1.8.1,Section 2303 Minimum Standards and Quality,Floor Underlayment,,,,structural_design,structural_engineer,Particleboard floor underlayment shall conform to Type PBU of ANSI A208.1. Type PBU underlayment shall be not less than 1/4-inch (6.4 mm) thick and shall be installed in accordance with the instructions of the Composite Panel Association.
2303.1.9,Section 2303 Minimum Standards and Quality,Preservative-Treated Wood,,,,structural_design,structural_engineer,"Lumber, timber, plywood, piles and poles supporting permanent structures required by Section 2304.12 to be preservative treated shall conform to AWPA U1 and M4. Lumber and plywood used in permanent wood foundation systems shall conform to Chapter 18."
2303.1.9.1,Section 2303 Minimum Standards and Quality,Identification,,,,structural_design,structural_engineer,"Wood required by Section 2304.12 to be preservative treated shall bear the quality mark of an inspection agency that maintains continuing supervision, testing and inspection over the quality of the preservative-treated wood. Inspection agencies for preservative-treated wood shall be listed by an accreditation body that complies with the requirements of the American Lumber Standards Treated Wood Program, or equivalent. The quality mark shall be on a stamp or label affixed to the preservative-treated wood, and shall include the following information:Identification of treating manufacturer.Type of preservative used.Minimum preservative retention (pcf).End use for which the product is treated.AWPA standard to which the product was treated.Identity of the accredited inspection agency."
2303.1.9.2,Section 2303 Minimum Standards and Quality,Moisture Content,,,,structural_design,structural_engineer,"Where preservative-treated wood is used in enclosed locations where drying in service cannot readily occur, such wood shall be at a moisture content of 19 percent or less before being covered with insulation, interior wall finish, floor covering or other materials."
2303.1.10,Section 2303 Minimum Standards and Quality,Structural Composite Lumber,,,,structural_design,structural_engineer,Structural capacities for structural composite lumber shall be established and monitored in accordance with ASTM D5456.
2303.1.11,Section 2303 Minimum Standards and Quality,Structural Log Members,,,,structural_design,structural_engineer,"Stress grading of structural log members of nonrectangular shape, as typically used in log buildings, shall be in accordance with ASTM D3957. Such structural log members shall be identified by the grade mark of an approved lumber grading or inspection agency. In lieu of a grade mark on the material, a certificate of inspection as to species and grade issued by a lumber grading or inspection agency meeting the requirements of this section shall be permitted."
2303.1.12,Section 2303 Minimum Standards and Quality,Round Timber Poles and Piles,,,,structural_design,structural_engineer,"Round timber poles and piles shall comply with ASTM D3200 and ASTM D25, respectively."
2303.1.13,Section 2303 Minimum Standards and Quality,Engineered Wood Rim Board,,,,structural_design,structural_engineer,Engineered wood rim boards shall conform to ANSI/APA PRR 410 or shall be evaluated in accordance with ASTM D7672. Structural capacities shall be in accordance with ANSI/APA PRR 410 or established in accordance with ASTM D7672. Rim boards conforming to ANSI/APA PRR 410 shall be marked in accordance with that standard.
2303.2,Section 2303 Minimum Standards and Quality,Fire-Retardant-Treated Wood,,,,structural_design,structural_engineer,"Fire-retardant-treated wood is any wood product that, when impregnated with chemicals by a pressure process or other means during manufacture, shall have, when tested in accordance with ASTM E84 or UL 723, a listed flame spread index of 25 or less. The ASTM E84 or UL 723 test shall be continued for an additional 20-minute period and the flame front shall not progress more than 10.5 feet (3200 mm) beyond the centerline of the burners at any time during the test."
2303.2.1,Section 2303 Minimum Standards and Quality,Alternate Fire Testing,,,,structural_design,structural_engineer,"Fire-retardant-treated wood is also any wood product that, when impregnated with chemicals by a pressure process or other means during manufacture, shall have, when tested in accordance with ASTM E2768, a listed flame spread index of 25 or less and where the flame front does not progress more than 10.5 feet (3200 mm) beyond the centerline of the burners at any time during the test."
2303.2.2,Section 2303 Minimum Standards and Quality,Pressure Process,,,,structural_design,structural_engineer,"For wood products impregnated with chemicals by a pressure process, the process shall be performed in closed vessels under pressures not less than 50 pounds per square inch gauge (psig) (345 kPa)."
2303.2.3,Section 2303 Minimum Standards and Quality,Other Means During Manufacture,,,,structural_design,structural_engineer,"For wood products impregnated with chemicals by other means during manufacture, the treatment shall be an integral part of the manufacturing process of the wood product. The treatment shall provide permanent protection to all surfaces of the wood product. The use of paints, coating, stains or other surface treatments is not an approved method of protection as required in this section."
2303.2.4,Section 2303 Minimum Standards and Quality,Fire Testing of Wood Structural Panels,,,,structural_design,structural_engineer,Wood structural panels shall be tested with a ripped or cut longitudinal gap of 1/8 inch (3.2 mm).
2303.2.5,Section 2303 Minimum Standards and Quality,Labeling,,,,structural_design,structural_engineer,"In addition to the labels required in Section 2303.1.1 for sawn lumber and Section 2303.1.5 for wood structural panels, each piece of fire-retardant-treated lumber and wood structural panels shall be labeled. The label shall contain the following items:The identification mark of an approved agency in accordance with Section 1703.5.Identification of the treating manufacturer.The name of the fire-retardant treatment.The species of wood treated.Flame spread and smoke-developed index.Method of drying after treatment.Conformance with appropriate standards in accordance with Sections 2303.2.6 through 2303.2.9.For fire-retardant-treated wood exposed to weather, damp or wet locations, include the words ""No increase in the listed classification when subjected to the Standard Rain Test"" (ASTM D2898)."
2303.2.6,Section 2303 Minimum Standards and Quality,Design Values,,,,structural_design,structural_engineer,"Design values for fire-retardant-treated wood, including connection design values, shall be subject to all adjustments applicable to untreated wood as specified in this chapter and shall be further adjusted to account for the effects of the fire-retardant treatment. Adjustments to design values for the effects of the fire-retardant treatment shall be based on an approved method of investigation that takes into consideration the anticipated temperature and humidity to which the fire-retardant-treated wood will be subjected, the type of treatment and redrying procedures. Adjustments to flexural design values for fire-retardant-treated plywood shall be determined in accordance with Section 2303.2.6.1. Adjustments to flexural, tension, compression and shear design values for fire-retardant-treated lumber shall be determined in accordance with Section 2303.2.6.2. Design values and treatment adjustment factors for fire-retardant-treated laminated veneer lumber shall be determined in accordance with Section 2303.2.6.3."
2303.2.6.1,Section 2303 Minimum Standards and Quality,Fire-Retardant-Treated Plywood,,,,structural_design,structural_engineer,"The effect of treatment and redrying after treatment, and any treatment-based effects due to exposure to high temperatures and high humidities on the flexure properties of fire-retardant-treated softwood plywood shall be determined in accordance with ASTM D5516. The test data developed in accordance with ASTM D5516 shall be used to develop treatment adjustment factors in accordance with ASTM D6305. Each manufacturer shall publish the allowable maximum loads and spans for service as floor and roof sheathing for its treatment based on the adjusted design values and taking into account the climatological location."
2303.2.6.2,Section 2303 Minimum Standards and Quality,Fire-Retardant-Treated Lumber,,,,structural_design,structural_engineer,"For each species of wood that is treated, the effect of treatment and redrying after treatment and any treatment-based effects due to exposure to high temperatures and high humidities on the allowable design properties of fire-retardant-treated lumber shall be determined in accordance with ASTM D5664. The test data developed in accordance with ASTM D5664 shall be used to develop treatment adjustment factors for use at or near room temperature and at elevated temperatures and humidity in accordance with ASTM D6841. Each manufacturer shall publish the treatment adjustment factors for service at maximum temperatures of not less than 80°F (27°C) and for roof framing. The roof framing modification factors shall take into consideration the climatological location."
2303.2.6.3,Section 2303 Minimum Standards and Quality,Fire-Retardant-Treated Laminated Veneer Lumber,,,,structural_design,structural_engineer,"The effect of treatment and redrying after treatment and any treatment-based effects due to exposure to high temperatures and high humidities on the allowable design properties of fire-retardant-treated laminated veneer lumber shall be determined in accordance with ASTM D8223. Each manufacturer shall publish reference design values and treatment-based design value adjustment factors in accordance with ASTM D8223, taking into account the climatological location."
2303.2.7,Section 2303 Minimum Standards and Quality,"Exposure to Weather, Damp or Wet Locations",,,,structural_design,structural_engineer,"Where fire-retardant-treated wood is exposed to weather, or damp or wet locations, it shall be identified as ""Exterior"" to indicate there is no increase in the listed flame spread index as defined in Section 2303.2 when subjected to ASTM D2898."
2303.2.8,Section 2303 Minimum Standards and Quality,Interior Applications,,,,structural_design,structural_engineer,Interior fire-retardant-treated wood shall have moisture content of not over 28 percent when tested in accordance with ASTM D3201 procedures at 92-percent relative humidity. Interior fire-retardant-treated wood shall be tested in accordance with Section 2303.2.6.1 or 2303.2.6.2. Interior fire-retardant-treated wood designated as Type A shall be tested in accordance with the provisions of this section.
2303.2.9,Section 2303 Minimum Standards and Quality,Moisture Content,,,,structural_design,structural_engineer,"Fire-retardant-treated wood shall be dried to a moisture content of 19 percent or less for lumber and 15 percent or less for wood structural panels before use. For wood kiln-dried after treatment (KDAT), the kiln temperatures shall not exceed those used in kiln drying the lumber and plywood submitted for the tests described in Section 2303.2.6.1 for plywood and 2303.2.6.2 for lumber."
2303.2.10,Section 2303 Minimum Standards and Quality,Types I and II Construction Applications,,,,structural_design,structural_engineer,See Section 603.1 for limitations on the use of fire-retardant-treated wood in buildings of Type I or II construction.
2303.3,Section 2303 Minimum Standards and Quality,Hardwood and Plywood,,,,structural_design,structural_engineer,Hardwood and decorative plywood shall be manufactured and identified as required in HPVA HP-1.
2303.4,Section 2303 Minimum Standards and Quality,Trusses,,,,structural_design,structural_engineer,Wood trusses shall comply with Sections 2303.4.1 through 2303.4.7.
2303.4.1,Section 2303 Minimum Standards and Quality,Design,,,,structural_design,structural_engineer,"Wood trusses shall be designed in accordance with the provisions of this code and accepted engineering practice. Members are permitted to be joined by nails, glue, bolts, timber connectors, metal connector plates or other approved framing devices."
2303.4.1.1,Section 2303 Minimum Standards and Quality,Truss Design Drawings,,,,structural_design,structural_engineer,"The written, graphic and pictorial depiction of each individual truss shall be provided to the building official for approval prior to installation. Truss design drawings shall be provided with the shipment of trusses delivered to the job site. Truss design drawings shall include, at a minimum, the following information:Slope or depth, span and spacing.Location of all joints and support locations.Number of plies if greater than one.Required bearing widths.Design loads as applicable, including:Top chord live load.Top chord dead load.Bottom chord live load.Bottom chord dead load.Additional loads and locations.Environmental design criteria and loads (such as wind, rain, snow, seismic).Other lateral loads, including drag strut loads.Adjustments to wood member and metal connector plate design value for conditions of use.Maximum reaction force and direction, including maximum uplift reaction forces where applicable.Joint connection type and description, such as size and thickness or gage, and the dimensioned location of each joint connector except where symmetrically located relative to the joint interface.Size, species and grade for each wood member.Truss-to-truss connections and truss field assembly requirements.Calculated span-to-deflection ratio and maximum vertical and horizontal deflection for live and total load as applicable.Maximum axial tension and compression forces in the truss members.Required permanent individual truss member restraint location and the method and details of restraint and diagonal bracing to be used in accordance with Section 2303.4.1.2."
2303.4.1.2,Section 2303 Minimum Standards and Quality,Permanent Individual Truss Member Restraint (PITMR) and Permanent Individual Truss Member Diagonal Bracing (PITMDB),,,,structural_design,structural_engineer,"Where the truss design drawings designate the need for permanent individual truss member restraint, it shall be accomplished by one of the following methods:PITMR and PITMDB installed using standard industry lateral restraint and diagonal bracing details in accordance with TPI 1, Section 2.3.3.1.1, accepted engineering practice, or Figures 2303.4.1.2(1), (3), and (5).Individual truss member reinforcement in place of the specified lateral restraints (i.e., buckling reinforcement such as T-reinforcement, L-reinforcement, proprietary reinforcement, etc.) such that the buckling of any individual truss member is resisted internally by the individual truss. The buckling reinforcement of individual truss members shall be installed as shown on the truss design drawing, on supplemental truss member buckling reinforcement details provided by the truss designer or in accordance with Figures 2303.4.1.2 (2) and (4).A project-specific PITMR and PITMDB design provided by any registered design professional.FIGURE 2303.4.1.2 (1)—PITMR AND PITMDB FOR TRUSS WEB MEMBERS REQUIRING ONE ROW OF PITMRFor SI:1 inch = 25.4 mm, 1 foot = 304.8 mm.FIGURE 2303.4.1.2(2)—ALTERNATIVE INSTALLATION USING BUCKLING REINFORCEMENT FOR TRUSS WEB MEMBERS IN LIEU OF ONE ROW OF PITMRFor SI:1 inch - 25.4 mm, 1 foot = 304.8 mm.FIGURE 2303.4.1.2(3)—PITMR AND PITMDB FOR TRUSS WEB MEMBERS REQUIRING TWO ROWS OF PITMRFor SI:1 inch = 25.4 mm, 1 foot = 304.8 mm.FIGURE 2303.4.1.2(4)—ALTERNATIVE INSTALLATION USING BUCKLING REINFORCEMENT FOR TRUSS WEB MEMBERS IN LIEU OF TWO ROWS OF PITMRFor SI:1 inch = 25.4 mm, 1 foot = 304.8 mm.FIGURE 2303.4.1.2(5)—PITMR AND PITMDB FOR FLAT PORTION OF TOP CHORD IN A PIGGYBACK ASSEMBLYFor SI:1 inch = 25.4 mm, 1 foot = 304.8 mm."
2303.4.1.2.1,Section 2303 Minimum Standards and Quality,Trusses Installed Without a Diaphragm,,,,structural_design,structural_engineer,Trusses installed without a diaphragm on the top or bottom chord shall require a project specific PITMR and PITMDB design prepared by a registered design professional.Exception: Group U occupancies.
2303.4.1.3,Section 2303 Minimum Standards and Quality,Trusses Spanning 60 Feet or Greater,,,,structural_design,structural_engineer,The owner or the owner's authorized agent shall contract with any qualified registered design professional for the design of the temporary installation restraint and diagonal bracing and the PITMR and PITMDB for all trusses with clear spans 60 feet (18 288 mm) or greater.
2303.4.1.4,Section 2303 Minimum Standards and Quality,Truss Designer,,,,structural_design,structural_engineer,The individual or organization responsible for the design of trusses.
2303.4.1.4.1,Section 2303 Minimum Standards and Quality,Truss Design Drawings,,,,structural_design,structural_engineer,"Where required by the registered design professional, the building official or the statutes of the jurisdiction in which the project is to be constructed, each individual truss design drawing shall bear the seal and signature of the truss designer.Exceptions:Where a cover sheet and truss index sheet are combined into a single sheet and attached to the set of truss design drawings, the single cover/truss index sheet is the only document required to be signed and sealed by the truss designer.Where a cover sheet and a truss index sheet are separately provided and attached to the set of truss design drawings, the cover sheet and the truss index sheet are the only documents required to be signed and sealed by the truss designer."
2303.4.2,Section 2303 Minimum Standards and Quality,Truss Placement Diagram,,,,structural_design,structural_engineer,"The truss manufacturer shall provide a truss placement diagram that identifies the proposed location for each individually designated truss and references the corresponding truss design drawing. The truss placement diagram shall be provided as part of the truss submittal package, and with the shipment of trusses delivered to the job site. Truss placement diagrams that serve only as a guide for installation and do not deviate from the permit submittal drawings shall not be required to bear the seal or signature of the truss designer."
2303.4.3,Section 2303 Minimum Standards and Quality,Truss Submittal Package,,,,structural_design,structural_engineer,"The truss submittal package provided by the truss manufacturer shall consist of each individual truss design drawing, the truss placement diagram, the permanent individual truss member restraint/bracing method and details and any other structural details germane to the trusses; and, as applicable, the cover/truss index sheet."
2303.4.4,Section 2303 Minimum Standards and Quality,Anchorage,,,,structural_design,structural_engineer,The design for the transfer of loads and anchorage of each truss to the supporting structure is the responsibility of the registered design professional.
2303.4.5,Section 2303 Minimum Standards and Quality,Alterations to Trusses,,,,structural_design,structural_engineer,"Truss members and components shall not be cut, notched, drilled, spliced or otherwise altered in any way without written concurrence and approval of a registered design professional. Alterations resulting in the addition of loads to any member (for example, HVAC equipment, piping, additional roofing or insulation) shall not be permitted without verification that the truss is capable of supporting such additional loading."
2303.4.6,Section 2303 Minimum Standards and Quality,TPI 1 Specifications,,,,structural_design,structural_engineer,"In addition to Sections 2303.4.1 through 2303.4.5, the design, manufacture and quality assurance of metal-plate-connected wood trusses shall be in accordance with TPI 1. Job-site inspections shall be in compliance with Section 110.4, as applicable."
2303.4.7,Section 2303 Minimum Standards and Quality,Truss Quality Assurance,,,,structural_design,structural_engineer,"Trusses not part of a manufacturing process in accordance with either Section 2303.4.6 or a referenced standard, which provides requirements for quality control done under the supervision of a third-party quality control agency, shall be manufactured in compliance with Sections 1704.2.5 and 1705.5, as applicable."
2303.5,Section 2303 Minimum Standards and Quality,Test Standard for Joist Hangers,,,,structural_design,structural_engineer,Joist hangers shall be in accordance with ASTM D7147.
2303.6,Section 2303 Minimum Standards and Quality,Nails and Staples,,,,structural_design,structural_engineer,"Nails and staples shall conform to requirements of ASTM F1667, including Supplement 1. Nails used for framing and sheathing connections shall have minimum average bending yield strengths as follows: 80 kips per square inch (ksi) (551 MPa) for shank diameters larger than 0.177 inch (4.50 mm) but not larger than 0.254 inch (6.45 mm), 90 ksi (620 MPa) for shank diameters larger than 0.142 inch (3.61 mm) but not larger than 0.177 inch (4.50 mm) and 100 ksi (689 MPa) for shank diameters of not less than 0.099 inch (2.51 mm) but not larger than 0.142 inch (3.61 mm). Staples used for framing and sheathing connections shall have minimum average bending moments as follows: 3.6 in.-lbs (0.41 N-m) for No. 16 gage staples, 4.0 in.-lbs (0.45 N-m) for No. 15 gage staples, and 4.3 in.-lbs (0.49 N-m) for No. 14 gage staples."
2303.7,Section 2303 Minimum Standards and Quality,Shrinkage,,,,structural_design,structural_engineer,Consideration shall be given in design for the effects of wood cross-grain dimensional changes that occur as a result of changes in the wood moisture content after installation.
2304.1,Section 2304 General Construction Requirements,General,,,,structural_design,structural_engineer,The provisions of this section apply to design methods specified in Section 2302.1.
2304.2,Section 2304 General Construction Requirements,Size of Structural Members,,,,structural_design,structural_engineer,Computations to determine the required sizes of members shall be based on the net dimensions (actual sizes) and not nominal sizes.
2304.3,Section 2304 General Construction Requirements,Wall Framing,,,,structural_design,structural_engineer,The framing of exterior and interior walls shall be in accordance with the provisions specified in Section 2308 unless a specific design is furnished.
2304.3.1,Section 2304 General Construction Requirements,Bottom Plates,,,,structural_design,structural_engineer,"Studs shall have full bearing on a 2-inch-thick (actual 11/2-inch, 38 mm) or larger plate or sill having a width not less than equal to the width of the studs."
2304.3.2,Section 2304 General Construction Requirements,Framing Over Openings,,,,structural_design,structural_engineer,"Headers, double joists, trusses or other approved assemblies that are of adequate size to transfer loads to the vertical members shall be provided over window and door openings in load-bearing walls and partitions."
2304.3.3,Section 2304 General Construction Requirements,Shrinkage,,,,structural_design,structural_engineer,"Wood walls and bearing partitions shall not support more than two floors and a roof unless an analysis satisfactory to the building official shows that shrinkage of the wood framing will not have adverse effects on the structure or any plumbing, electrical or mechanical systems or other equipment installed therein due to excessive shrinkage or differential movements caused by shrinkage. The analysis shall show that the roof drainage system and the foregoing systems or equipment will not be adversely affected or, as an alternate, such systems shall be designed to accommodate the differential shrinkage or movements."
2304.4,Section 2304 General Construction Requirements,Floor and Roof Framing,,,,structural_design,structural_engineer,The framing of wood-joisted floors and wood-framed roofs shall be in accordance with the provisions specified in Section 2308 unless a specific design is furnished.
2304.5,Section 2304 General Construction Requirements,Framing Around Flues and Chimneys,,,,structural_design,structural_engineer,"Combustible framing shall be not less than 2 inches (51 mm), but shall be not less than the distance specified in Sections 2111 and 2113 and the International Mechanical Code, from flues, chimneys and fireplaces, and 6 inches (152 mm) away from flue openings."
2304.6,Section 2304 General Construction Requirements,Exterior Wall Sheathing,,,,structural_design,structural_engineer,"Wall sheathing on the outside of exterior walls, including gables, and the connection of the sheathing to framing shall be designed in accordance with the general provisions of this code and shall be capable of resisting wind pressures in accordance with Section 1609."
2304.6.1,Section 2304 General Construction Requirements,Wood Structural Panel Sheathing,,,,structural_design,structural_engineer,"Where wood structural panel sheathing is used as the exposed finish on the outside of exterior walls, it shall have an exterior exposure durability classification. Where wood structural panel sheathing is used elsewhere, but not as the exposed finish, it shall be of a type manufactured with exterior glue (Exposure 1 or Exterior). Wood structural panel sheathing, connections and framing spacing shall be in accordance with Table 2304.6.1 for the applicable basic wind speed and exposure category where used in enclosed buildings with a mean roof height not greater than 30 feet (9144 mm) and a topographic factor (Kz t) of 1.0.TABLE 2304.6.1—MAXIMUM BASIC WIND SPEED, V, PERMITTED FOR WOOD STRUCTURAL PANEL WALL SHEATHING USED TO RESIST WIND PRESSURESa, b, c MINIMUM NAIL MINIMUM WOOD STRUCTURAL PANEL SPAN RATING MINIMUM NOMINAL PANEL THICKNESS (inches) MAXIMUM WALL STUD SPACING (inches) PANEL NAIL SPACING MAXIMUM BASIC WIND SPEED, V(MPH) Size Penetration (inches) Edges (inches o.c.) Field (inches o.c.) Wind exposure category B C D 6d common (2.0"" × 0.113"") 1.5 24/0 3/8 16 6 12d 140 115 110 24/16 7/16 16 6 12d 150 125 115 6d 190 160 150 8d common (2.5"" × 0.131"") 1.75 24/16 7/16 16 6 12d 170 140 135 6d 190 160 150 24 6 12d 140 115 110 6d 140 115 110 For SI: 1 inch = 25.4 mm, 1 mile per hour = 0.447 m/s.Panel strength axis shall be parallel or perpendicular to supports. Three-ply plywood sheathing with studs spaced more than 16 inches on center shall be applied with panel strength axis perpendicular to supports.The table is based on wind pressures acting toward and away from building surfaces in accordance with Section 30.4 of ASCE 7. Lateral requirements shall be in accordance with Section 2305 or 2308.Wood structural panels with span ratings of wall-16 or wall-24 shall be permitted as an alternative to panels with a 24/0 span rating. Plywood siding rated 16 on center or 24 on center shall be permitted as an alternative to panels with a 24/16 span rating. Wall-16 and plywood siding 16 on center shall be used with studs spaced not more than 16 inches on center.Where the specific gravity of the wood species used for wall framing is greater than or equal to 0.35 but less than 0.42 in accordance with AWC NDS, nail spacing in the field of the panel shall be multiplied by 0.67. Where the specific gravity of the wood species used for wall framing is less than 0.35, fastening of the wall sheathing shall be designed in accordance with AWC NDS."
2304.7,Section 2304 General Construction Requirements,Interior Paneling,,,,structural_design,structural_engineer,"Softwood wood structural panels used for interior paneling shall conform to the provisions of Chapter 8 and shall be installed in accordance with Table 2304.10.2. Panels shall comply with DOC PS 1, DOC PS 2 or ANSI/APA PRP 210. Prefinished hardboard paneling shall meet the requirements of ANSI A135.5. Hardwood plywood shall conform to HPVA HP-1."
2304.8,Section 2304 General Construction Requirements,Floor and Roof Sheathing,,,,structural_design,structural_engineer,"Structural floor sheathing and structural roof sheathing shall comply with Sections 2304.8.1 and 2304.8.2, respectively.TABLE 2304.8(1)—ALLOWABLE SPANS FOR LUMBER FLOOR AND ROOF SHEATHING SPAN (inches) MINIMUM NET THICKNESS (inches) OF LUMBER PLACED Perpendicular to supports Diagonally to supports Surfaced drya Surfaced unseasoned Surfaced drya Surfaced unseasoned Floors 24 3/4 25/32 3/4 25/32 16 5/8 11/16 5/8 11/16 Roofs 24 5/8 11/16 3/4 25/32 For SI: 1 inch = 25.4 mm.Maximum 19-percent moisture content.TABLE 2304.8(2)—SHEATHING LUMBER, MINIMUM GRADE REQUIREMENTS: BOARD GRADE SOLID FLOOR OR ROOF SHEATHING SPACED ROOF SHEATHING GRADING RULES Utility Standard NLGA, PLIB/WCLIB, or WWPA 4 common or utility 3 common or standard NLGA, PLIB/WCLIB, WWPA, or NELMA No. 3 No. 2 SPIB Merchantable Construction common RIS TABLE 2304.8(3)—ALLOWABLE SPANS AND LOADS FOR WOOD STRUCTURAL PANEL SHEATHING AND SINGLE-FLOOR GRADES CONTINUOUS OVER TWO OR MORE SPANS WITH STRENGTH AXIS PERPENDICULAR TO SUPPORTSa SHEATHING GRADES ROOFb FLOORc Panel span rating roof/floor span Panel thickness (inches) Maximum span (inches) Loadd (psf) Maximum span (inches) With edge supporte Without edge support Total load Live load 16/0 3/8 16 16 40 30 0 20/0 3/8 20 20 40 30 0 24/0 3/8, 7/16, 1/2 24 20f 40 30 0 24/16 7/16, 1/2 24 24 50 40 16 32/16 15/32, 1/2, 5/8 32 28 40 30 16g 40/20 19/32, 5/8, 3/4, 7/8 40 32 40 30 20g,h 48/24 23/32, 3/4, 7/8 48 36 45 35 24 54/32 7/8, 1 54 40 45 35 32 60/32 7/8, 11/8 60 48 45 35 32 SINGLE FLOOR GRADES ROOFb FLOORc Panel span rating Panel thickness (inches) Maximum span (inches) Loade (psf) Maximum span (inches) With edge supporte Without edge support Total load Live load 16 o.c. 1/2, 19/32, 5/8 24 24 50 40 16g 20 o.c. 19/32, 5/8, 3/4 32 32 40 30 20g,h 24 o.c. 23/32, 3/4 48 36 35 25 24 32 o.c. 7/8, 1 48 40 50 40 32 48 o.c. 13/32, 11/8 60 48 50 40 48 For SI: 1 inch = 25.4 mm, 1 pound per square foot = 0.0479 kN/m2.Applies to panels 24 inches or wider.Uniform load deflection limitations 1/180 of span under live load plus dead load, 1/240 under live load only.Panel edges shall have approved tongue-and-groove joints or shall be supported with blocking unless 1/4-inch minimum thickness underlayment or 11/2 inches of approved cellular or lightweight concrete is placed over the subfloor, or finish floor is 3/4-inch wood strip. Allowable uniform load based on deflection of 1/360 of span is 100 pounds per square foot except the span rating of 48 inches on center is based on a total load of 65 pounds per square foot.Allowable load at maximum span. Where the total load includes snow, use allowable stress design snow loads.Tongue-and-groove edges, panel edge clips (one midway between each support, except two equally spaced between supports 48 inches on center), lumber blocking or other. Only lumber blocking shall satisfy blocked diaphragm requirements.For 1/2-inch panel, maximum span shall be 24 inches.Span is permitted to be 24 inches on center where 3/4-inch wood strip flooring is installed at right angles to joist.Span is permitted to be 24 inches on center for floors where 11/2 inches of cellular or lightweight concrete is applied over the panels.TABLE 2304.8(4)—ALLOWABLE SPAN FOR WOOD STRUCTURAL PANEL COMBINATION SUBFLOOR-UNDERLAYMENT (SINGLE FLOOR)a (Panels Continuous Over Two or More Spans and Strength Axis Perpendicular to Supports) IDENTIFICATION MAXIMUM SPACING OF JOISTS (inches) 16 20 24 32 48 Species groupb Thickness (inches) 1 1/2 5/8 3/4 — — 2, 3 5/8 3/4 7/8 — — 4 3/4 7/8 1 — — Single floor span ratingc 16 o.c. 20 o.c. 24 o.c. 32 o.c. 48 o.c. For SI: 1 inch = 25.4 mm, 1 pound per square foot = 0.0479 kN/m2.Spans limited to value shown because of possible effects of concentrated loads. Allowable uniform loads based on deflection of 1/360 of span is 100 pounds per square foot except allowable total uniform load for 11/8-inch wood structural panels over joists spaced 48 inches on center is 65 pounds per square foot. Panel edges shall have approved tongue-and-groove joints or shall be supported with blocking, unless 1/4-inch minimum thickness underlayment or 11/2 inches of approved cellular or lightweight concrete is placed over the subfloor, or finish floor is 3/4-inch wood strip.Applicable to all grades of sanded exterior-type plywood. See DOC PS 1 for plywood species groups.Applicable to underlayment grade, C-C (plugged) plywood, and single floor grade wood structural panels.TABLE 2304.8(5)—ALLOWABLE LOAD (PSF) FOR WOOD STRUCTURAL PANEL ROOF SHEATHING CONTINUOUS OVER TWO OR MORE SPANS AND STRENGTH AXIS PARALLEL TO SUPPORTS (Plywood structural are five-ply, five-layer unless otherwise noted)a PANEL GRADE THICKNESS (inch) MAXIMUM SPAN (inches) LOAD AT MAXIMUM SPAN (psf) Live Totalc Structural I sheathing 7/16 24 20 30 15/32 24 35b 45b 1/2 24 40b 50b 19/32, 5/8 24 70 80 23/32, 3/4 24 90 100 Sheathing, other grades covered in DOC PS 1 or DOC PS 2 7/16 16 40 50 15/32 24 20 25 1/2 24 25 30 19/32 24 40b 50b 5/8 24 45b 55b 23/32, 3/4 24 60b 65b For SI: 1 inch = 25.4 mm, 1 pound per square foot = 0.0479 kN/m2.Uniform load deflection limitations 1/180 of span under live load plus dead load, 1/240 under live load only. Edges shall be blocked with lumber or other approved type of edge supports.For composite and four-ply plywood structural panel, load shall be reduced by 15 pounds per square foot.Where the total load includes snow, use allowable stress design snow loads."
2304.8.1,Section 2304 General Construction Requirements,Structural Floor Sheathing,,,,structural_design,structural_engineer,"Structural floor sheathing shall be designed in accordance with the general provisions of this code.Floor sheathing conforming to the provisions of Table 2304.8(1), 2304.8(2), 2304.8(3) or 2304.8(4) shall be deemed to meet the requirements of this section."
2304.8.2,Section 2304 General Construction Requirements,Structural Roof Sheathing,,,,structural_design,structural_engineer,"Structural roof sheathing shall be designed in accordance with the general provisions of this code and the special provisions in this section.Roof sheathing conforming to the provisions of Table 2304.8(1), 2304.8(2), 2304.8(3) or 2304.8(5) shall be deemed to meet the requirements of this section. Wood structural panel roof sheathing shall be of a type manufactured with exterior glue (Exposure 1 or Exterior)."
2304.9,Section 2304 General Construction Requirements,Lumber Decking,,,,structural_design,structural_engineer,Lumber decking shall be designed and installed in accordance with the general provisions of this code and Sections 2304.9.1 through 2304.9.5.3. Other lumber decking patterns and connection designs shall be substantiated through engineering analysis.
2304.9.1,Section 2304 General Construction Requirements,General,,,,structural_design,structural_engineer,"Each piece of lumber decking shall be square-end trimmed. Where random lengths are furnished, each piece shall be square end trimmed across the face so that not less than 90 percent of the pieces are within 0.5 degrees (0.00873 rad) of square. The ends of the pieces shall be permitted to be beveled up to 2 degrees (0.0349 rad) from the vertical with the exposed face of the piece slightly longer than the opposite face of the piece. Tongue-and-groove decking shall be installed with the tongues up on sloped or pitched roofs with pattern faces down."
2304.9.2,Section 2304 General Construction Requirements,Layup Patterns,,,,structural_design,structural_engineer,Lumber decking is permitted to be laid up following one of five standard patterns as defined in Sections 2304.9.2.1 through 2304.9.2.5.
2304.9.2.1,Section 2304 General Construction Requirements,Simple Span Pattern,,,,structural_design,structural_engineer,"All pieces shall be supported on their ends (in other words, by two supports)."
2304.9.2.2,Section 2304 General Construction Requirements,Two-Span Continuous Pattern,,,,structural_design,structural_engineer,"All pieces shall be supported by three supports, and all end joints shall occur in line on alternating supports. Supporting members shall be designed to accommodate the load redistribution caused by this pattern."
2304.9.2.3,Section 2304 General Construction Requirements,Combination Simple and Two-Span Continuous Pattern,,,,structural_design,structural_engineer,Courses in end spans shall be alternating simple-span pattern and two-span continuous pattern. End joints shall be staggered in adjacent courses and shall bear on supports.
2304.9.2.4,Section 2304 General Construction Requirements,Cantilevered Pieces Intermixed Pattern,,,,structural_design,structural_engineer,The decking shall extend across not fewer than three spans. Pieces in each starter course and every third course shall be simple span pattern. Pieces in other courses shall be cantilevered over the supports with end joints at alternating quarter or third points of the spans. Each piece shall bear on one support or more.
2304.9.2.5,Section 2304 General Construction Requirements,Controlled Random Pattern,,,,structural_design,structural_engineer,"The decking shall extend across not fewer than three spans. End joints of pieces within 6 inches (152 mm) of the end joints of the adjacent pieces in either direction shall be separated by not fewer than two intervening courses. In the end bays, each piece shall bear on one support or more. Where an end joint occurs in an end bay, the next piece in the same course shall continue over the first inner support for not less than 24 inches (610 mm). The details of the controlled random pattern shall be as specified for each decking material in Section 2304.9.3.3, 2304.9.4.3 or 2304.9.5.3.Decking that cantilevers beyond a support for a horizontal distance greater than 18 inches (457 mm), 24 inches (610 mm) or 36 inches (914 mm) for 2-inch (51 mm), 3-inch (76 mm) and 4-inch (102 mm) nominal thickness decking, respectively, shall comply with the following:The maximum cantilevered length shall be 30 percent of the length of the first adjacent interior span.A structural fascia shall be fastened to each decking piece to maintain a continuous, straight line.End joints shall not be in the decking between the cantilevered end of the decking and the centerline of the first adjacent interior span."
2304.9.3,Section 2304 General Construction Requirements,Mechanically Laminated Decking,,,,structural_design,structural_engineer,Mechanically laminated decking shall comply with Sections 2304.9.3.1 through 2304.9.3.3.
2304.9.3.1,Section 2304 General Construction Requirements,General,,,,structural_design,structural_engineer,Mechanically laminated decking consists of square-edged dimension lumber laminations set on edge and nailed to the adjacent pieces and to the supports.
2304.9.3.2,Section 2304 General Construction Requirements,Nailing,,,,structural_design,structural_engineer,"The length of nails connecting laminations shall be not less than two and one-half times the net thickness of each lamination. Where decking supports are 48 inches (1219 mm) on center or less, side nails shall be installed not more than 30 inches (762 mm) on center alternating between top and bottom edges, and staggered one-third of the spacing in adjacent laminations. Where supports are spaced more than 48 inches (1219 mm) on center, side nails shall be installed not more than 18 inches (457 mm) on center alternating between top and bottom edges and staggered one-third of the spacing in adjacent laminations. For mechanically laminated decking constructed with laminations of 2-inch (51 mm) nominal thickness, nailing in accordance with Table 2304.9.3.2 shall be permitted. Two side nails shall be installed at each end of butt-jointed pieces.Laminations shall be toenailed to supports with 20d or larger common nails. Where the supports are 48 inches (1219 mm) on center or less, alternate laminations shall be toenailed to alternate supports; where supports are spaced more than 48 inches (1219 mm) on center, alternate laminations shall be toenailed to every support. For mechanically laminated decking constructed with laminations of 2-inch (51 mm) nominal thickness, toenailing in accordance with Table 2304.9.3.2 shall be permitted.TABLE 2304.9.3.2—FASTENING SCHEDULE FOR MECHANICALLY LAMINATED DECKING USING LAMINATIONS OF 2-INCH NOMINAL THICKNESS MINIMUM NAIL SIZE (Length x Diameter) (inches) MAXIMUM SPACING BETWEEN FACE NAILS a, b (inches) NUMBER OF TOENAILS INTO SUPPORTSc Decking Supports ≤ 48 inches o.c. Decking Supports > 48 inches o.c. 4 × 0.192 30 18 1 4 × 0.162 24 14 2 4 × 0.148 22 13 2 31/2 × 0.162 20 12 2 31/2 × 0.148 19 11 2 31/2 × 0.135 17 10 2 3 × 0.148 11 7 2 3 × 0.128 9 5 2 23/4 × 0.148 10 6 2 23/4 × 0.131 9 6 3 23/4 × 0.120 8 5 3 For SI: 1 inch = 25.4 mmNails shall be driven perpendicular to the lamination face, alternating between top and bottom edges.Where nails penetrate through two laminations and into the third, they shall be staggered one-third of the spacing in adjacent laminations. Otherwise, nails shall be staggered one-half of the spacing in adjacent laminations.Where supports are 48 inches on center or less, alternate laminations shall be toenailed to alternate supports; where supports are spaced more than 48 inches on center, alternate laminations shall be toenailed to every support."
2304.9.3.3,Section 2304 General Construction Requirements,Controlled Random Pattern,,,,structural_design,structural_engineer,There shall be a minimum distance of 24 inches (610 mm) between end joints in adjacent courses. The pieces in the first and second courses shall bear on not fewer than two supports with end joints in these two courses occurring on alternate supports. Not more than seven intervening courses shall be permitted before this pattern is repeated.
2304.9.4,Section 2304 General Construction Requirements,Two-Inch Sawn Tongue-and-Groove Decking,,,,structural_design,structural_engineer,Two-inch (51 mm) sawn tongue-and-groove decking shall comply with Sections 2304.9.4.1 through 2304.9.4.3.
2304.9.4.1,Section 2304 General Construction Requirements,General,,,,structural_design,structural_engineer,Two-inch (51 mm) decking shall have a maximum moisture content of 15 percent. Decking shall be machined with a single tongue-and-groove pattern. Each decking piece shall be nailed to each support.
2304.9.4.2,Section 2304 General Construction Requirements,Nailing,,,,structural_design,structural_engineer,Each piece of decking shall be toenailed at each support with one 16d common nail through the tongue and face-nailed with one 16d common nail.
2304.9.4.3,Section 2304 General Construction Requirements,Controlled Random Pattern,,,,structural_design,structural_engineer,There shall be a minimum distance of 24 inches (610 mm) between end joints in adjacent courses. The pieces in the first and second courses shall bear on not fewer than two supports with end joints in these two courses occurring on alternate supports. Not more than seven intervening courses shall be permitted before this pattern is repeated.
2304.9.5,Section 2304 General Construction Requirements,Three- And Four-Inch Sawn Tongue-and-Groove Decking,,,,structural_design,structural_engineer,Three- and four-inch (76 mm and 102 mm) sawn tongue-and-groove decking shall comply with Sections 2304.9.5.1 through 2304.9.5.3.
2304.9.5.1,Section 2304 General Construction Requirements,General,,,,structural_design,structural_engineer,Three-inch (76 mm) and four-inch (102 mm) decking shall have a maximum moisture content of 19 percent. Decking shall be machined with a double tongue-and-groove pattern. Decking pieces shall be interconnected and nailed to the supports.
2304.9.5.2,Section 2304 General Construction Requirements,Nailing,,,,structural_design,structural_engineer,Each piece shall be toenailed at each support with one 40d common nail and face-nailed with one 60d common nail. Courses shall be spiked to each other with 8-inch (203 mm) spikes at maximum intervals of 30 inches (762 mm) through predrilled edge holes penetrating to a depth of approximately 4 inches (102 mm). One spike shall be installed at a distance not exceeding 10 inches (254 mm) from the end of each piece.
2304.9.5.3,Section 2304 General Construction Requirements,Controlled Random Pattern,,,,structural_design,structural_engineer,There shall be a minimum distance of 48 inches (1219 mm) between end joints in adjacent courses. Pieces not bearing on a support are permitted to be located in interior bays provided that the adjacent pieces in the same course continue over the support for not less than 24 inches (610 mm). This condition shall not occur more than once in every six courses in each interior bay.
2304.10,Section 2304 General Construction Requirements,Connectors and Fasteners,,,,structural_design,structural_engineer,Connectors and fasteners shall comply with the applicable provisions of Sections 2304.10.1 through 2304.10.8.
2304.10.1,Section 2304 General Construction Requirements,Fire Protection of Connections,,,,structural_design,structural_engineer,"Connections used with fire-resistance-rated members and in fire-resistance-rated assemblies of Type IV-A, IV-B, or IV-C construction shall be protected for the time associated with the fire-resistance rating. Protection time shall be determined by one of the following:Testing in accordance with Section 703.2 where the connection is part of the fire resistance test.Engineering analysis that demonstrates that the temperature rise at any portion of the connection is limited to an average temperature rise of 250°F (139°C), and a maximum temperature rise of 325°F (181°C), for a time corresponding to the required fire-resistance rating of the structural element being connected. For the purposes of this analysis, the connection includes connectors, fasteners, and portions of wood members included in the structural design of the connection."
2304.10.2,Section 2304 General Construction Requirements,Fastener Requirements,,,,structural_design,structural_engineer,"Connections for wood members shall be designed in accordance with the appropriate methodology in Section 2302.1. The number and size of fasteners connecting wood members shall be not less than that set forth in Table 2304.10.2.TABLE 2304.10.2—FASTENING SCHEDULEDESCRIPTION OF BUILDING ELEMENTSNUMBER AND TYPE OF FASTENERgSPACING AND LOCATIONRoof1. Blocking between ceiling joists, rafters or trusses to top plate or other framing below4-8d box (21/2"" x 0.113""); or3-8d common (21/2"" × 0.131""); or3-10d box (3"" × 0.128""); or3-3"" × 0.131"" nails; or 3-3""14 gage staples, 7/16"" crownEach end, toenailBlocking between rafters or truss not at the wall top plate, to rafter or truss2-8d common (21/2"" × 0.131"")2-3"" × 0.131"" nails2-3"" 14 gage staplesEach end, toenail2-16 d common (31/2"" × 0.162"")3-3"" × 0.131"" nails3-3"" 14 gage staplesEnd nailFlat blocking to truss and web filler16d common (31/2"" × 0.162"") @6""o.c.3"" × 0.131"" nails @ 6"" o.c.3"" × 14 gage staples @ 6"" o.cFace nail2. Ceiling joists to top plate4-8d box (21/2"" x 0.113""); or3-8d common (21/2"" × 0.131""); or3-10d box (3"" × 0.128""); or3-3"" × 0.131"" nails; or3-3"" 14 gage staples, 7/16"" crownEach joist, toenail3. Ceiling joist not attached to parallel rafter, laps over partitions (no thrust) (see Section 2308.11.3.1, Table 2308.11.3.1)3-16d common (31/2"" × 0.162""); or4-10d box (3"" × 0.128""); or4-3"" × 0.131"" nails; or4-3"" 14 gage staples, 7/16"" crownFace nail4. Ceiling joist attached to parallel rafter (heel joint) (see Section 2308.11.3.1, Table 2308.11.3.1)Per Table 2308.11.3.1Face nail5. Collar tie to rafter3-10d common (3"" × 0.148""); or4-10d box (3"" × 0.128""); or4-3"" × 0.131"" nails; or4-3"" 14 gage staples, 7/16"" crownFace nail6. Rafter or roof truss to top plate (See Section 2308.11.4, Table 2308.11.4)3-10 common (3"" × 0.148""); or3-16d box (31/2"" × 0.135""); or4-10d box (3"" × 0.128""); or4-3"" × 0.131 nails; or4-3"" 14 gage staples, 7/16"" crown2 toenails on one side and 1 toenail on opposite side of rafter or trussc7. Roof rafters to ridge valley or hip rafters; or roof rafter to 2-inch ridge beam2-16d common (31/2"" × 0.162""); or3-16d box (31/2"" × 0.135""); or3-10d box (3"" × 0.128""); or3-3"" × 0.131"" nails; or3-3"" 14 gage staples, 7/16"" crownEnd nail3-10d common (31/2"" × 0.148""); or4-16d box (31/2"" × 0.135""); or4-10d box (3"" × 0.128""); or4-3"" × 0.131"" nails; or4-3"" 14 gage staples, 7/16"" crownToenailWall8. Stud to stud (not at braced wall panels)16d common (31/2"" × 0.162"");24"" o.c. face nail10d box (3"" × 0.128""); or3"" × 0.131"" nails; or3-3"" 14 gage staples, 7/16"" crown16"" o.c. face nail9. Stud to stud and abutting studs at intersecting wall corners (at braced wall panels)16d common (31/2"" × 0.162"")16"" o.c. face nail16d box (31/2"" × 0.135""); or3"" × 0.131"" nails; or3-3"" 14 gage staples, 7/16"" crown12"" o.c. face nail10. Built-up header (2"" to 2"" header)16d common (31/2"" × 0.162"")16"" o.c. each edge, face nail16d box (31/2"" × 0.135"")12"" o.c. each edge, face nail11. Continuous header to stud4-8d common (21/2"" × 0.131""); or4-10d box (3"" × 0.128""); or5-8d box (21/2"" x 0.113"")Toenail12. Top plate to top plate16d common (31/2"" × 0.162"")16"" o.c. face nail10d box (3"" × 0.128""); or3"" × 0.131"" nails; or3"" 14 gage staples, 7/16"" crown12"" o.c. face nail13. Top plate to top plate, at end joints8-16d common (31/2"" × 0.162""); or12-16d box (31/2"" x 0.135""); or12-10d box (3"" × 0.128""); or12-3"" × 0.131"" nails; or12-3"" 14 gage staples, 7/16"" crownEach side of end joint, face nail (minimum 24"" lap splice length each side of end joint)14. Bottom plate to joist, rim joist, band joist or blocking (not at braced wall panels)16d common (31/2"" × 0.162"")16"" o.c. face nail16d box (31/2"" × 0.135""); or3"" × 0.131"" nails; or3"" 14 gage staples, 7/16"" crown12"" o.c. face nail15. Bottom plate to joist, rim joist, band joist or blocking at braced wall panels2-16d common (31/2"" × 0.162""); or3-16d box (31/2"" × 0.135""); or4-3"" × 0.131"" nails; or4-3"" 14 gage staples, 7/16"" crown16"" o.c. face nail16. Stud to top or bottom plate3-16d box (31/2"" x 0.135""); or4-8d common (21/2"" × 0.131""); or4-10d box (3"" × 0.128""); or4-3"" × 0.131"" nails; or4-8d box (21/2"" x 0.113""); or4-3"" 14 gage staples, 7/16"" crownToenail2-16d common (31/2"" × 0.162""); or3-16d box (31/2"" x 0.135""); or3-10d box (3"" × 0.128""); or3-3"" × 0.131"" nails; or3-3"" 14 gage staples, 7/16"" crownEnd nail17. Top plates, laps at corners and intersections2-16d common (31/2"" × 0.162""); or3-10d box (3"" × 0.128""); or3-3"" × 0.131"" nails; or3-3"" 14 gage staples, 7/16"" crownFace nail18. 1"" brace to each stud and plate3-8d box (21/2"" x 0.113""); or2-8d common (21/2"" × 0.131""); or2-10d box (3"" × 0.128""); or2-3"" × 0.131"" nails; or2-3"" 14 gage staples, 7/16"" crownFace nail19. 1"" × 6"" sheathing to each bearing3-8d box (21/2"" x 0.113""); or2-8d common (21/2"" × 0.131""); or2-10d box (3"" × 0.128""); or2-13/4"" 16 gage staples, 1"" crownFace nail20. 1"" × 8"" and wider sheathing to each bearing3-8d common (21/2"" × 0.131""); or3-8d box (21/2"" x 0.113""); or3-10d box (3"" × 0.128""); or3-13/4"" 16 gage staples, 1"" crownFace nailWider than 1"" × 8""3-8d common (21/2"" x 0.131""); or4-8d box (21/2"" × 0.113""); or3-10d box (3"" × 0.128""); or4-13/4"" 16 gage staples, 1"" crownFloor21. Joist to sill, top plate, or girder4-8d box (21/2"" × 0.113""); or3-8d common (21/2"" × 0.131""); or floor3-10d box (3"" × 0.128""); or3-3"" × 0.131"" nails; or3-3"" 14 gage staples, 7/16"" crownToenail22. Rim joist, band joist, or blocking to top plate, sill or other framing below8d box (21/2"" × 0.113"")4"" o.c., toenail8d common (21/2"" × 0.131""); or10d box (3"" × 0.128""); or3"" × 0.131"" nails; or3"" 14 gage staples, 7/16"" crown6"" o.c., toenail23. 1"" × 6"" subfloor or less to each joist3-8d box (21/2"" × 0.113""); or2-8d common (21/2"" × 0.131""); or3-10d box (3"" × 0.128""); or2-13/4"" 16 gage staples, 1"" crownFace nail24. 2 subfloor to joist or girder3-16d box (31/2"" × 0.135""); or2-16d common (31/2"" × 0.162"")Blind and face nail25. 2"" planks (plank & beam — floor & roof)3-16d box (31/2"" × 0.135""); or2-16d common (31/2"" × 0.162"")Each bearing, face nail26. Built-up girders and beams, 2"" lumber layers20d common (4"" × 0.192"")32"" o.c., face nail at top and bottom staggered on opposite sides10d box (3"" × 0.128""); or3"" × 0.131"" nails; or3"" 14 gage staples, 7/16"" crown24"" o.c. face nail at top and bottom staggered on opposite sidesAnd:2-20d common (4"" × 0.192""); or3-10d box (3"" × 0.128""); or3-3"" × 0.131"" nails; or3-3"" 14 gage staples, 7/16"" crownEnds and at each splice, face nail27. Ledger strip supporting joists or rafters3-16d common (31/2"" × 0.162""); or4-16d box (31/2"" × 0.135""); or4-10d box (3"" × 0.128""); or4-3"" × 0.131"" nails; or4-3"" 14 gage staples, 7/16"" crownEach joist or rafter, face nail28. Joist to band joist or rim joist3-16d common (31/2"" × 0.162""); or4-10d box (3"" × 0.128""); or4-3"" × 0.131"" nails; or4-3"" 14 gage staples, 7/16"" crownEnd nail29. Bridging or blocking to joist, rafter or truss2-8d common (21/2"" × 0.131""); or2-10d box (3"" × 0.128""); or2-3"" × 0.131"" nails; or2-3"" 14 gage staples, 7/16"" crownEach end, toenailWood structural panels (WSP), subfloor, roof and interior wall sheathing to framing and particleboard wall sheathing to framingaEdges (inches)Intermediate supports (inches)30. 3/8"" — 1/2""6d common or deformed (2"" × 0.113""); or23/8"" × 0.113"" nail (subfloor and wall)6128d common or deformed (21/2"" × 0.131"" ×0.281"" head) nail (roof); orRSRS-01 (23/8"" × 0.113"" × 0.281"" head) nail (roof)d6e6e13/4"" 16 gage staple, 7/16"" crown (subfloor and wall)4823/8"" × 0.113""× 0.266"" head nail (roof)3f3f13/4"" 16 gage staple, 7/16"" crown (roof)3f3f31. 19/32"" — 3/4""8d common (21/2"" × 0.131""); ordeformed (2"" × 0.113"") (subfloor and wall)6128d common or deformed (21/2"" × 0.131"" ×0.281"" head) nail (roof); orRSRS-01 (23/8"" × 0.113"" × 0.281"" head) nail (roof)d6e6e23/8"" × 0.113""× 0.266"" head nail; or2"" 16 gage staple, 7/16"" crown (subfloor and wall)4832. 7/8"" — 11/4""10d common (3"" × 0.148""); ordeformed (21/2"" × 0.131"" × 0.281"" head)612Other exterior wall sheathing33. 1/2"" fiberboard sheathingb11/2"" × 0.120"", galvanized roofing nail(7/16"" head diameter); or11/4"" 16 gage staple with 7/16"" or 1"" crown3634. 25/32"" fiberboard sheathingb13/4"" × 0.120"" galvanized roofing nail(7/16"" diameter head); or11/2"" 16 gage staple with 7/16"" or 1"" crown36Wood structural panels, combination subfloor underlayment to framing35. 3/4"" and less8d common (21/2"" × 0.131""); ordeformed (2"" × 0.113""); ordeformed (2"" × 0.120"")61236. 7/8"" — 1""8d common (21/2"" × 0.131""); ordeformed (21/2"" × 0.131""); ordeformed (21/2"" × 0.120"")61237. 11/8"" — 11/4""10d common (3"" × 0.148""); ordeformed (21/2"" × 0.131""); ordeformed (21/2"" × 0.120"")612Panel siding to framing38. 1/2"" or less6d corrosion-resistant siding (17/8"" × 0.106""); or6d corrosion-resistant casing (2"" × 0.099"")61239. 5/8""8d corrosion-resistant siding (23/8"" × 0.128""); or8d corrosion-resistant casing (21/2"" × 0.113"")612Wood structural panels (WSP), subfloor, roof and interior wall sheathing to framing and particleboard wall sheathing to framingaEdges (inches)Intermediate supports (inches)Interior paneling40. 1/4""4d casing (11/2"" × 0.080""); or4d finish (11/2"" × 0.072"")61241. 3/8""6d casing (2"" × 0.099""); or6d finish (2"" × 0.092"") (Panel supports at 24 inches)612For SI: 1 inch = 25.4 mm.Nails spaced at 6 inches at intermediate supports where spans are 48 inches or more. For nailing of wood structural panel and particleboard diaphragms and shear walls, refer to Section 2305. Nails for wall sheathing are permitted to be common, box or casing.Spacing shall be 6 inches on center on the edges and 12 inches on center at intermediate supports for nonstructural applications. Panel supports at 16 inches (20 inches if strength axis in the long direction of the panel, unless otherwise marked).Where a rafter is fastened to an adjacent parallel ceiling joist in accordance with this schedule and the ceiling joist is fastened to the top plate in accordance with this schedule, the number of toenails in the rafter shall be permitted to be reduced by one nail.RSRS is a Roof Sheathing Ring Shank nail meeting the specifications in ASTM F1667.Tabulated fastener requirements apply where the basic wind speed, V, is less than 140 mph. For wood structural panel roof sheathing attached to gable-end roof framing and to intermediate supports within 48 inches of roof edges and ridges, nails shall be spaced at 4 inches on center where the basic wind speed, V, is greater than 130 mph in Exposure B or greater than 110 mph in Exposure C. Spacing exceeding 6 inches on center at intermediate supports shall be permitted where the fastening is designed per the AWC NDS. Where the specific gravity of the wood species used for roof framing is greater than or equal to 0.35 but less than 0.42 in accordance with AWC NDS, fastening of roof sheathing shall be with RSRS-03 (21/2"" × 0.131"" × 0.281"" head) nails unless alternative fastening is designed in accordance with AWC NDS. Where the specific gravity of the wood species used for roof framing is less than 0.35, fastening of the roof sheathing shall be designed in accordance with AWC NDS.Fastening is only permitted where the basic wind speed, V, is less than or equal to 110 mph and where fastening is to wood framing of a species with specific gravity greater than or equal to 0.42 in accordance with AWC NDS.Nails and staples are carbon steel meeting the specifications of ASTM F1667. Connections using nails and staples of other materials, such as stainless steel, shall be designed by acceptable engineering practice or approved under Section 104.2.3."
2304.10.3,Section 2304 General Construction Requirements,Sheathing Fasteners,,,,structural_design,structural_engineer,Sheathing nails or other approved sheathing connectors shall be driven so that their head or crown is flush with the surface of the sheathing.
2304.10.4,Section 2304 General Construction Requirements,Joist Hangers and Framing Anchors,,,,structural_design,structural_engineer,"Connections depending on joist hangers or framing anchors, ties and other mechanical fastenings not otherwise covered are permitted where approved. The vertical load-bearing capacity, torsional moment capacity and deflection characteristics of joist hangers shall be determined in accordance with ASTM D7147."
2304.10.5,Section 2304 General Construction Requirements,Other Fasteners,,,,structural_design,structural_engineer,"Clips, staples, glues and other approved methods of fastening are permitted where approved."
2304.10.6,Section 2304 General Construction Requirements,Fasteners and Connectors in Contact With Preservative-Treated and Fire-Retardant-Treated Wood,,,,structural_design,structural_engineer,"Fasteners, including nuts and washers, and connectors in contact with preservative-treated and fire-retardant-treated wood shall be in accordance with Sections 2304.10.6.1 through 2304.10.6.4. The coating weights for zinc-coated fasteners shall be in accordance with ASTM A153. The coating weight for zinc-coated nails shall be in accordance with ASTM A153 Class D or ASTM A641 Class 3S [1 ounce per square foot (305 g/m2)]. Stainless steel driven fasteners shall be in accordance with the material requirements of ASTM F1667."
2304.10.6.1,Section 2304 General Construction Requirements,Fasteners and Connectors for Preservative-Treated Wood,,,,structural_design,structural_engineer,"Fasteners, including nuts and washers, in contact with preservative-treated wood shall be of hot-dipped zinc-coated galvanized steel, stainless steel, silicon bronze or copper. Staples shall be of stainless steel. Fasteners other than nails, staples, timber rivets, wood screws and lag screws shall be permitted to be of mechanically deposited zinc-coated steel with coating weights in accordance with ASTM B695, Class 55 minimum. Connectors that are used in exterior applications and in contact with preservative-treated wood shall have coating types and weights in accordance with the treated wood or connector manufacturer's recommendations. In the absence of manufacturer's recommendations, not less than ASTM A653, Type G185 zinc-coated galvanized steel, or equivalent, shall be used.Exception: Plain carbon steel fasteners, including nuts and washers, in SBX/DOT and zinc borate preservative-treated wood in an interior, dry environment shall be permitted."
2304.10.6.2,Section 2304 General Construction Requirements,Fastenings for Wood Foundations,,,,structural_design,structural_engineer,"Fastenings, including nuts and washers, for wood foundations shall be as required in AWC PWF."
2304.10.6.3,Section 2304 General Construction Requirements,Fasteners for Fire-Retardant-Treated Wood Used in Exterior Applications or Wet or Damp Locations,,,,structural_design,structural_engineer,"Fasteners, including nuts and washers, for fire-retardant-treated wood used in exterior applications or wet or damp locations shall be of hot-dipped zinc-coated galvanized steel, stainless steel, silicon bronze or copper. Staples shall be of stainless steel. Fasteners other than nails, staples, timber rivets, wood screws and lag screws shall be permitted to be of mechanically deposited zinc-coated steel with coating weights in accordance with ASTM B695, Class 55 minimum."
2304.10.6.4,Section 2304 General Construction Requirements,Fasteners for Fire-Retardant-Treated Wood Used in Interior Applications,,,,structural_design,structural_engineer,"Fasteners, including nuts and washers, for fire-retardant-treated wood used in interior locations shall be in accordance with the manufacturer's recommendations. In the absence of manufacturer's recommendations, Section 2304.10.6.3 shall apply."
2304.10.7,Section 2304 General Construction Requirements,Load Path,,,,structural_design,structural_engineer,"Where wall framing members are not continuous from the foundation sill to the roof, the members shall be secured to ensure a continuous load path. Where required, sheet metal clamps, ties or clips shall be formed of galvanized steel or other approved corrosion-resistant material not less than 0.0329-inch (0.836 mm) base metal thickness."
2304.10.8,Section 2304 General Construction Requirements,Framing Requirements,,,,structural_design,structural_engineer,"Wood columns and posts shall be framed to provide full end bearing. Alternatively, column-and-post end connections shall be designed to resist the full compressive loads, neglecting end-bearing capacity. Column-and-post end connections shall be fastened to resist lateral and net induced uplift forces."
2304.11,Section 2304 General Construction Requirements,Heavy Timber Construction,,,,structural_design,structural_engineer,"Where a structure, portion thereof or individual structural elements are required by provisions of this code to be of heavy timber, the building elements therein shall comply with the applicable provisions of Sections 2304.11.1 through 2304.11.4. Minimum dimensions of heavy timber shall comply with the applicable requirements in Table 2304.11 based on roofs or floors supported and the configuration of each structural element, or in Sections 2304.11.2 through 2304.11.4. Lumber decking shall be in accordance with Section 2304.9.TABLE 2304.11—MINIMUM DIMENSIONS OF HEAVY TIMBER STRUCTURAL MEMBERS MINIMUM NOMINAL SOLID SAWN SIZE MINIMUM GLUED- LAMINATED NET SIZE MINIMUM STRUCTURAL COMPOSITE LUMBER NET SIZE SUPPORTING HEAVY TIMBER STRUCTURAL ELEMENTS Width, inch Depth, inch Width, inch Depth, inch Width, inch Depth, inch Floor loads only or combined floor and roof loads Columns; Framed sawn or glued-laminated timber arches that spring from the floor line; Framed timber trusses 8 8 63/4 81/4 7 71/2 Wood beams and girders 6 10 5 101/2 51/4 91/2 Roof loads only Columns (roof and ceiling loads); Lower half of: wood-frame or glued-laminated arches that spring from the floor line or from grade 6 8 5 81/4 51/4 71/2 Upper half of: wood-frame or glued-laminated arches that spring from the floor line or from grade 6 6 5 6 51/4 51/2 Framed timber trusses and other roof framing;a Framed or glued-laminated arches that spring from the top of walls or wall abutments 4b 6 3b 67/8 31/2b 51/2 For SI: 1 inch = 25.4 mm.Spaced members shall be permitted to be composed of two or more pieces not less than 3 inches nominal in thickness where blocked solidly throughout their intervening spaces or where spaces are tightly closed by a continuous wood cover plate of not less than 2 inches nominal in thickness secured to the underside of the members. Splice plates shall be not less than 3 inches nominal in thickness.Where protected by approved automatic sprinklers under the roof deck, framing members shall be not less than 3 inches nominal in width."
2304.11.1,Section 2304 General Construction Requirements,Details of Heavy Timber Structural Members,,,,structural_design,structural_engineer,Heavy timber structural members shall be detailed and constructed in accordance with Sections 2304.11.1 through 2304.11.1.3.
2304.11.1.1,Section 2304 General Construction Requirements,Columns,,,,structural_design,structural_engineer,"Minimum dimensions of columns shall be in accordance with Table 2304.11. Columns shall be connected in an approved manner. Columns shall be continuous or aligned vertically from floor to floor in all stories of Type IV-HT construction. Girders and beams at column connections shall be closely fitted around columns and adjoining ends shall be cross tied to each other, or intertied by caps or ties, to transfer horizontal loads across joints. Wood bolsters shall not be placed on tops of columns unless the columns support roof loads only. Where traditional heavy timber detailing is used, connections shall be by means of reinforced concrete or metal caps with brackets, by properly designed steel or iron caps, with pintles and base plates, by timber splice plates affixed to the columns by metal connectors housed within the contact faces, or by other approved methods."
2304.11.1.2,Section 2304 General Construction Requirements,Floor Framing,,,,structural_design,structural_engineer,"Minimum dimensions of floor framing shall be in accordance with Table 2304.11. Approved wall plate boxes or hangers shall be provided where wood beams, girders or trusses rest on masonry or concrete walls. Where intermediate beams are used to support a floor, they shall rest on top of girders, or shall be supported by an approved metal hanger into which the ends of the beams shall be closely fitted. Where traditional heavy timber detailing is used, these connections shall be permitted to be supported by ledgers or blocks securely fastened to the sides of the girders."
2304.11.1.3,Section 2304 General Construction Requirements,Roof Framing,,,,structural_design,structural_engineer,Minimum dimensions of roof framing shall be in accordance with Table 2304.11. Every roof girder and not less than every alternate roof beam shall be anchored to its supporting member to resist forces as required in Chapter 16.
2304.11.2,Section 2304 General Construction Requirements,Partitions and Walls,,,,structural_design,structural_engineer,Partitions and walls shall comply with Section 2304.11.2.1 or 2304.11.2.2.
2304.11.2.1,Section 2304 General Construction Requirements,Exterior Walls,,,,structural_design,structural_engineer,Exterior walls shall be permitted to be cross-laminated timber not less than 4 inches (102 mm) in thickness meeting the requirements of Section 2303.1.4.
2304.11.2.2,Section 2304 General Construction Requirements,Interior Walls and Partitions,,,,structural_design,structural_engineer,"Interior walls and partitions shall be of solid wood construction formed by not less than two layers of 1-inch (25 mm) matched boards or laminated construction 4 inches (102 mm) thick, or of 1-hour fire-resistance-rated construction."
2304.11.3,Section 2304 General Construction Requirements,Floors,,,,structural_design,structural_engineer,Floors shall be without concealed spaces or with concealed spaces complying with Section 602.4.4.3. Wood floors shall be constructed in accordance with Section 2304.11.3.1 or 2304.11.3.2.
2304.11.3.1,Section 2304 General Construction Requirements,Cross-Laminated Timber Floors,,,,structural_design,structural_engineer,Cross-laminated timber shall be not less than 4 inches (102 mm) in thickness. Cross-laminated timber shall be continuous from support to support and mechanically fastened to one another. Cross-laminated timber shall be permitted to be connected to walls without a shrinkage gap providing swelling or shrinking is considered in the design. Corbelling of masonry walls under the floor shall be permitted to be used.
2304.11.3.2,Section 2304 General Construction Requirements,Sawn or Glued-Laminated Plank Floors,,,,structural_design,structural_engineer,"Sawn or glued-laminated plank floors shall be one of the following:Sawn or glued-laminated planks, splined or tongue-and-groove, of not less than 3 inches (76 mm) nominal in thickness covered with 1-inch (25 mm) nominal dimension tongue-and-groove flooring, laid crosswise or diagonally, 15/32-inch (12 mm) wood structural panel or 1/2-inch (12.7 mm) particleboard.Planks not less than 4 inches (102 mm) nominal in width set on edge close together and well spiked and covered with 1-inch (25 mm) nominal dimension flooring or 15/32-inch (12 mm) wood structural panel or 1/2-inch (12.7 mm) particleboard.The lumber shall be laid so that continuous lines of joints will occur only at points of support. Floors shall not extend closer than 1/2 inch (12.7 mm) to walls. Such 1/2-inch (12.7 mm) space shall be covered by a molding fastened to the wall and so arranged that it will not obstruct the swelling or shrinkage movements of the floor. Corbelling of masonry walls under the floor shall be permitted to be used in place of molding."
2304.11.4,Section 2304 General Construction Requirements,Roof Decks,,,,structural_design,structural_engineer,"Roofs shall be without concealed spaces or with concealed spaces complying with Section 602.4.4.3. Roof decks shall be constructed in accordance with Section 2304.11.4.1 or 2304.11.4.2. Other types of decking shall be an alternative that provides equivalent fire resistance and structural properties. Where supported by a wall, roof decks shall be anchored to walls to resist forces determined in accordance with Chapter 16. Such anchors shall consist of steel bolts, lags, screws or approved hardware of sufficient strength to resist prescribed forces."
2304.11.4.1,Section 2304 General Construction Requirements,Cross-Laminated Timber Roofs,,,,structural_design,structural_engineer,Cross-laminated timber roofs shall be not less than 3 inches (76 mm) in thickness and shall be continuous from support to support and mechanically fastened to one another.
2304.11.4.2,Section 2304 General Construction Requirements,"Sawn, Wood Structural Panel, or Glued-Laminated Plank Roofs",,,,structural_design,structural_engineer,"Sawn, wood structural panel, or glued-laminated plank roofs shall be one of the following:Sawn or glued laminated, splined or tongue-and-groove plank, not less than 2 inches (51 mm) nominal in thickness.11/8-inch-thick (32 mm) wood structural panel (exterior glue).Planks not less than 3 inches (76 mm) nominal in width, set on edge close together and laid as required for floors."
2304.12,Section 2304 General Construction Requirements,Protection Against Decay and Termites,,,,structural_design,structural_engineer,Wood shall be protected from decay and termites in accordance with the applicable provisions of Sections 2304.12.1 through 2304.12.4.
2304.12.1,Section 2304 General Construction Requirements,Locations Requiring Waterborne Preservatives or Naturally Durable Wood,,,,structural_design,structural_engineer,"Wood used above ground in the locations specified in Sections 2304.12.1.1 through 2304.12.1.5 shall be naturally durable wood or preservative-treated wood using waterborne preservatives, in accordance with AWPA U1 for above-ground use."
2304.12.1.1,Section 2304 General Construction Requirements,"Joists, Girders and Subfloor",,,,structural_design,structural_engineer,Wood joists or wood structural floors that are closer than 18 inches (457 mm) or wood girders that are closer than 12 inches (305 mm) to the exposed ground in crawl spaces or unexcavated areas located within the perimeter of the building foundation shall be of naturally durable or preservative-treated wood.
2304.12.1.2,Section 2304 General Construction Requirements,Wood Supported by Exterior Foundation Walls,,,,structural_design,structural_engineer,"Wood framing members, including wood sheathing, that are in contact with exterior foundation walls and are less than 8 inches (203 mm) from exposed earth shall be of naturally durable or preservative-treated wood."
2304.12.1.3,Section 2304 General Construction Requirements,Exterior Walls Below Grade,,,,structural_design,structural_engineer,Wood framing members and furring strips in direct contact with the interior of exterior masonry or concrete walls below grade shall be of naturally durable or preservative-treated wood.
2304.12.1.4,Section 2304 General Construction Requirements,Sleepers and Sills,,,,structural_design,structural_engineer,Sleepers and sills on a concrete or masonry slab that is in direct contact with earth shall be of naturally durable or preservative-treated wood.
2304.12.1.5,Section 2304 General Construction Requirements,Wood Siding,,,,structural_design,structural_engineer,"Clearance between wood siding and earth on the exterior of a building shall be not less than 6 inches (152 mm) or less than 2 inches (51 mm) vertical from concrete steps, porch slabs, patio slabs and similar horizontal surfaces exposed to the weather except where siding, sheathing and wall framing are of naturally durable or preservative-treated wood."
2304.12.2,Section 2304 General Construction Requirements,Other Locations,,,,structural_design,structural_engineer,"Wood used in the locations specified in Sections 2304.12.2.1 through 2304.12.2.8 shall be naturally durable wood or preservative-treated wood in accordance with AWPA U1. Preservative-treated wood used in interior locations shall be protected with two coats of urethane, shellac, latex epoxy or varnish unless waterborne preservatives are used. Prior to application of the protective finish, the wood shall be dried in accordance with the manufacturer's recommendations."
2304.12.2.1,Section 2304 General Construction Requirements,Girder Ends,,,,structural_design,structural_engineer,"The ends of wood girders entering exterior masonry or concrete walls shall be provided with a 1/2-inch (12.7 mm) airspace on top, sides and end, unless naturally durable or preservative-treated wood is used."
2304.12.2.2,Section 2304 General Construction Requirements,Posts or Columns,,,,structural_design,structural_engineer,"Posts or columns supporting permanent structures and supported by a concrete or masonry slab or footing that is in direct contact with the earth shall be of naturally durable or preservative-treated wood.Exception: Posts or columns that meet all of the following:Are not exposed to the weather, or are protected by a roof, eave, overhang, or other covering if exposed to the weather.Are supported by concrete piers or metal pedestals projected not less than 1 inch (25 mm) above the slab or deck and are separated from the concrete pier by an impervious moisture barrier.Are located not less than 8 inches (203 mm) above exposed earth."
2304.12.2.3,Section 2304 General Construction Requirements,Supporting Member for Permanent Appurtenances,,,,structural_design,structural_engineer,"Naturally durable or preservative-treated wood shall be utilized for those portions of wood members that form the structural supports of buildings, balconies, porches or similar permanent building appurtenances where such members are exposed to the weather without adequate protection from a roof, eave, overhang or other covering to prevent moisture or water accumulation on the surface or at joints between members.Exception: Sawn lumber in buildings located in a geographical region where experience has demonstrated that climatic conditions preclude the need to use durable materials where the structure is exposed to the weather."
2304.12.2.4,Section 2304 General Construction Requirements,Supporting Members for Permeable Floors and Roofs,,,,structural_design,structural_engineer,"Wood structural members that support moisture-permeable floors or roofs that are exposed to the weather, such as concrete or masonry slabs, shall be of naturally durable or preservative-treated wood unless separated from such floors or roofs by an impervious moisture barrier. The impervious moisture barrier system protecting the structure supporting floors shall provide positive drainage of water that infiltrates the moisture-permeable floor topping."
2304.12.2.5,Section 2304 General Construction Requirements,Ventilation Beneath Balcony or Elevated Walking Surfaces,,,,structural_design,structural_engineer,Enclosed framing in exterior balconies and elevated walking surfaces that have weather-exposed surfaces shall be provided with openings that provide a net free cross-ventilation area not less than 1/150 of the area of each separate space.
2304.12.2.6,Section 2304 General Construction Requirements,Wood in Contact With the Ground or Fresh Water,,,,structural_design,structural_engineer,Wood used in contact with exposed earth shall be naturally durable for both decay and termite resistance or preservative treated in accordance with AWPA U1 for soil or freshwater use.Exception: Untreated wood is permitted where such wood is continuously and entirely below the ground-water level or submerged in fresh water.
2304.12.2.6.1,Section 2304 General Construction Requirements,Posts or Columns,,,,structural_design,structural_engineer,Posts and columns that are supporting permanent structures and embedded in concrete that is exposed to the weather or in direct contact with the earth shall be of preservative-treated wood.
2304.12.2.7,Section 2304 General Construction Requirements,Termite Protection,,,,structural_design,structural_engineer,"In geographical areas where hazard of termite damage is known to be very heavy, wood floor framing in the locations specified in Section 2304.12.1.1 and exposed framing of exterior decks or balconies shall be of naturally durable species (termite resistant) or preservative treated in accordance with AWPA U1 for the species, product preservative and end use or provided with approved methods of termite protection."
2304.12.2.8,Section 2304 General Construction Requirements,Wood Used in Retaining Walls and Cribs,,,,structural_design,structural_engineer,Wood installed in retaining or crib walls shall be preservative treated in accordance with AWPA U1 for soil and freshwater use.
2304.12.3,Section 2304 General Construction Requirements,Attic Ventilation,,,,structural_design,structural_engineer,"For attic ventilation, see Section 1202.2.2."
2304.12.4,Section 2304 General Construction Requirements,Under-Floor Ventilation (Crawl Space),,,,structural_design,structural_engineer,"For under-floor ventilation (crawl space), see Section 1202.4."
2304.13,Section 2304 General Construction Requirements,Long-Term Loading,,,,structural_design,structural_engineer,"Wood members supporting concrete, masonry or similar materials shall be checked for the effects of long-term loading using the provisions of the ANSI/AWC NDS. The total deflection, including the effects of long-term loading, shall be limited in accordance with Section 1604.3.1 for these supported materials.Exception: Horizontal wood members supporting masonry or concrete nonstructural floor or roof surfacing not more than 4 inches (102 mm) thick need not be checked for long-term loading."
2305.1,Section 2305 General Design Requirements for Lateral Force-Resisting Systems,General,,,,structural_design,structural_engineer,"Structures using wood shear walls or wood diaphragms to resist wind or seismic loads shall be designed and constructed in accordance with AWC SDPWS and the applicable provisions of Sections 2305, 2306 and 2307."
2305.1.1,Section 2305 General Design Requirements for Lateral Force-Resisting Systems,Openings in Shear Panels,,,,structural_design,structural_engineer,Openings in shear panels that materially affect their strength shall be detailed on the plans and shall have their edges adequately reinforced to transfer all shearing stresses.
2305.1.2,Section 2305 General Design Requirements for Lateral Force-Resisting Systems,Permanent Load Duration,,,,structural_design,structural_engineer,"Permanent loads are associated with permanent load duration in accordance with the ANSI/AWC NDS. For wood shear walls and wood diaphragms designed to resist lateral loads of permanent load duration only and that are not in combination with wind or seismic lateral loads, the design unit shear capacities shall be taken as the AWC SDPWS nominal unit shear capacities, multiplied by 0.2 for use with allowable stress design in Section 2306 and 0.3 for use with load and resistance factor design in Section 2307."
2305.2,Section 2305 General Design Requirements for Lateral Force-Resisting Systems,Diaphragm Deflection,,,,structural_design,structural_engineer,"The deflection of wood-frame diaphragms shall be determined in accordance with AWC SDPWS. The deflection (Δdia) of a blocked wood structural panel diaphragm uniformly fastened throughout with staples is permitted to be calculated in accordance with Equation 23-1. If not uniformly fastened, the constant 0.188 (For SI: 1/1627) in the third term shall be modified by an approved method.Δdia = 5vL3/8EAW + vL/4Gt + 0.188Len + ∑(xΔc)/2W (Equation 23-1)For SI: Δdia = 0.052vL3/EAW + vL/4Gt + Len/1627 + ∑(xΔc)/2Wwhere:A=Area of chord cross section, in square inches (mm2).E=Modulus of elasticity of alic"">diaphragm chords, in pounds per square inch (N/mm2).en=Staple slip, in inches (mm) [see Table 2305.2(1)].Gt=Panel rigidity through the thickness, in pounds per inch (N/mm) of panel width or depth [see Table 2305.2(2)].L=alic"">Diaphragm length (dimension perpendicular to the direction of the applied load), in feet (mm).v=Induced unit shear in pounds per linear foot (plf) (N/mm).W=alic"">Diaphragm width [in the direction of applied force, in feet (mm)].x=Distance from chord splice to nearest support, in feet (mm).Δc=>Diaphragm chord splice slip at the induced unit shear, in inches (mm).Δdia=Maximum mid-span alic"">diaphragm deflection determined by elastic analysis, in inches (mm).mb-3"">TABLE 2305.2(1)—en VALUES (inches) FOR USE IN CALCULATING DIAPHRAGM AND SHEAR WALL DEFLECTION DUE TO FASTENER SLIP (Structural I)a, cLOAD PER FASTENERb (pounds)FASTENER DESIGNATIONS14-Ga staple × 2 inches long600.011800.0181000.0281200.041400.0531600.068For SI: 1 inch = 25.4 mm, 1 foot = 304.8 mm, 1 pound = 4.448 N.Increase en values 20 percent for plywood grades other than Structural I.Load per fastener = maximum shear per foot divided by the number of fasteners per foot at interior panel edges.Decrease en values 50 percent for seasoned lumber (moisture content < 19 percent).mb-3"">TABLE 2305.2(2)—VALUES OF Gt FOR USE IN CALCULATING DEFLECTION OF WOOD STRUCTURAL PANEL SHEAR WALLS AND DIAPHRAGMSPANEL TYPESPAN RATINGVALUES OF Gt (lb/in. panel depth or width)Structural SheathingStructural IPlywoodOSBPlywoodOSB3-ply4-ply5-plya3-ply4-ply5-plyaSheathing24/025,00032,50037,50077,50032,50042,50041,50077,50024/1627,00035,00040,50083,50035,00045,50044,50083,50032/1627,00035,00040,50083,50035,00045,50044,50083,50040/2028,50037,00043,00088,50037,00048,00047,50088,50048/2431,00040,50046,50096,00040,50052,50051,00096,000Single Floor16 o.c.27,00035,00040,50083,50035,00045,50044,50083,50020 o.c.28,00036,50042,00087,00036,50047,50046,00087,00024 o.c.30,00039,00045,00093,00039,00050,50049,50093,00032 o.c.36,00047,00054,000110,00047,00061,00059,500110,00048 o.c.50,50065,50076,000155,00065,50085,00083,500155,000Structural SheathingStructural IThickness (in.)A-A, A-CMarineAll Other GradesA-A, A-CMarineAll Other GradesSanded Plywood1/424,00031,00024,00031,00031,00031,00011/3225,50033,00025,50033,00033,00033,0003/826,00034,00026,00034,00034,00034,00015/3238,00049,50038,00049,50049,50049,5001/238,50050,00038,50050,00050,00050,00019/3249,00063,50049,00063,50063,50063,5005/849,50064,50049,50064,50064,50064,50023/3250,50065,50050,50065,50065,50065,5003/451,00066,50051,00066,50066,50066,5007/852,50068,50052,50068,50068,50068,500173,50095,50073,50095,50095,50095,50011/875,00097,50075,00097,50097,50097,500For SI: 1 inch = 25.4 mm, 1 pound/inch = 0.1751 N/mm.5-ply applies to plywood with five or more layers. For 5-ply plywood with three layers, use values for 4-ply panels."
2305.3,Section 2305 General Design Requirements for Lateral Force-Resisting Systems,Shear Wall Deflection,,,,structural_design,structural_engineer,"The deflection of wood-frame shear walls shall be determined in accordance with AWC SDPWS. The deflection (Δsw) of a blocked wood structural panel shear wall uniformly fastened throughout with staples is permitted to be calculated in accordance with Equation 23-2.ΔSW = 8vh3/EAb + vh/4Gt + 0.75hen + dah/b(Equation 23-2)where:A=Area of end-post cross section in square inches (mm2).b=Shear wall length, in feet (mm).da=Total vertical elongation of wall anchorage system (such as fastener slip, device elongation, rod elongation) in inches (mm), at the induced unit shear in the shear wall (v).E=Modulus of elasticity of end posts, in pounds per square inch (N/mm2).en=Staple slip, in inches (mm) [see Table 2305.2(1)].Gt=Panel rigidity through the thickness, in pounds per inch (N/mm) of panel width or depth [see Table 2305.2(2)].h=Shear wall height, in feet (mm).v=Induced unit shear, in pounds per linear foot (N/mm).Δsw=Maximum shear wall deflection determined by elastic analysis, in inches (mm)."
2306.1,Section 2306 Allowable Stress Design,Allowable Stress Design,,,,structural_design,structural_engineer,"The design and construction of wood elements in structures using allowable stress design shall be in accordance with the applicable standards listed in Table 2306.1.TABLE 2306.1—STANDARDS FOR DESIGN AND CONSTRUCTION OF WOOD ELEMENTS IN STRUCTURES USING ALLOWABLE STRESS DESIGN STANDARDS PROMULGATOR STANDARD TITLE American Wood Council ANSI/AWC NDS National Design Specification for Wood Construction SDPWS Special Design Provisions for Wind and Seismic American Society of Agricultural and Biological Engineers ASABE EP 484.3 Diaphragm Design of Metal-clad, Wood-Frame Rectangular Buildings ASABE EP 486.3 Shallow Post and Pier Foundation Design ASABE EP 559.1 Design Requirements and Bending Properties for Mechanically Laminated Wood Assemblies APA—The Engineered Wood Association ANSI 117 Standard Specifications for Structural Glued Laminated Timber of Softwood Species ANSI A190.1 Structural Glued Laminated Timber Panel Design Specification Plywood Design Specification Supplement 1—Design & Fabrication of Plywood Curved Panel Plywood Design Specification Supplement 2—Design & Fabrication of Glued Plywood-lumber Beams Plywood Design Specification Supplement 3—Design & Fabrication of Plywood Stressed-skin Panels Plywood Design Specification Supplement 4—Design & Fabrication of Plywood Sandwich Panels Plywood Design Specification Supplement 5—Design & Fabrication of All-plywood Beams APA T300 Glulam Connection Details APA S560 Field Notching and Drilling of Glued Laminated Timber Beams APA S475 Glued Laminated Beam Design Tables APA X450 Glulam in Residential Construction APA X440 Product and Application Guide: Glulam APA R540 Builders Tips: Proper Storage and Handling of Glulam Beams Truss Plate Institute, Inc. TPI 1 National Design Standard for Metal Plate Connected Wood Truss Construction West Coast Lumber Inspection Bureau AITC 104 Typical Construction Details AITC 110 Standard Appearance Grades for Structural Glued Laminated Timber AITC 113 Standard for Dimensions of Structural Glued Laminated Timber AITC 119 Standard Specifications for Structural Glued Laminated Timber of Hardwood Species AITC 200 Inspection Manual"
2306.1.1,Section 2306 Allowable Stress Design,Joists and Rafters,,,,structural_design,structural_engineer,The design of rafter spans is permitted to be in accordance with the AWC STJR.
2306.1.2,Section 2306 Allowable Stress Design,Plank and Beam Flooring,,,,structural_design,structural_engineer,The design of plank and beam flooring is permitted to be in accordance with the AWC Wood Construction Data No. 4.
2306.1.3,Section 2306 Allowable Stress Design,Preservative-Treated Wood Allowable Stresses,,,,structural_design,structural_engineer,"The allowable unit stresses for preservative-treated wood conforming to AWPA U1 need not be adjusted for treatment, but are subject to other adjustments. Load duration factors greater than 1.6 shall not be used in the structural design of preservative-treated wood members."
2306.1.4,Section 2306 Allowable Stress Design,Fire-Retardant-Treated Wood Allowable Stresses,,,,structural_design,structural_engineer,"The allowable unit stresses for -italic"">fire-retardant-treated wood, including connection design values, shall be developed in accordance with the provisions of Section 2303.2.6. Load duration factors greater than 1.6 shall not be used in the structural design of fire-retardant-treated wood members."
2306.1.5,Section 2306 Allowable Stress Design,Lumber Decking,,,,structural_design,structural_engineer,The capacity of lumber decking arranged according to the patterns described in Section 2304.9.2 shall be the lesser of the capacities determined for moment and deflection according to the formulas in Table 2306.1.5.TABLE 2306.1.5—ALLOWABLE LOADS FOR LUMBER DECKING PATTERN ALLOWABLE AREA LOADa Moment Deflection Simple span Two-span continuous Combination simple- and two-span continuous Cantilevered pieces intermixed Controlled random layup Mechanically laminated decking 2-inch decking 3-inch and 4-inch decking For SI: 1 inch = 25.4 mm.wb = Allowable total uniform load limited by moment.wΔ = Allowable total uniform load limited by deflection.d = Actual decking thickness.l = Span of decking.Fb' = Allowable bending stress adjusted by applicable factors.E' = Modulus of elasticity adjusted by applicable factors.
2306.2,Section 2306 Allowable Stress Design,Wood-Frame Diaphragms,,,,structural_design,structural_engineer,"Wood-frame diaphragms shall be designed and constructed in accordance with AWC SDPWS. Where panels are fastened to framing members with staples, requirements and limitations of AWC SDPWS shall be met and the allowable shear values set forth in Table 2306.2(1) or 2306.2(2) shall be permitted. The allowable shear values in Tables 2306.2(1) and 2306.2(2) are permitted to be increased 40 percent for wind design.TABLE 2306.2(1)—ALLOWABLE SHEAR VALUES (POUNDS PER FOOT) FOR WOOD STRUCTURAL PANEL DIAPHRAGMS UTILIZING STAPLES WITH FRAMING OF DOUGLAS FIR-LARCH, OR SOUTHERN PINEa FOR WIND OR SEISMIC LOADINGfPANEL GRADESTAPLE LENGTH AND GAGEdMINIMUM FASTENER PENETRATION IN FRAMING (inches)MINIMUM NOMINAL PANEL THICKNESS (inch)MINIMUM NOMINAL WIDTH OF FRAMING MEMBERS AT ADJOINING PANEL EDGES AND BOUNDARIESe (inches)BLOCKED DIAPHRAGMSUNBLOCKED DIAPHRAGMSFastener spacing (inches) at diaphragm boundaries (all cases) at continuous panel edges parallel to load (Cases 3, 4), and at all panel edges (Cases 5, 6)bFasteners spaced 6 inches max. at supported edgesb6421/2c2cCase 1 (No unblocked edges or continuous joints parallel to load)All other configurations (Cases 2, 3, 4, 5 and 6)gFastener spacing (inches) at other panel edges (Cases 1, 2, 3 and 4)b6643Structural I grades11/2 16 gage13/82175235350400155115320026539545017513015/3221752353504001551203200265395450175130Sheathing, single floor and other grades covered in DOC PS 1 and PS 211/2 16 gage13/8216021031536014010531802353554001601207/162165225335380150110319025037542516512515/322160210315360140105318023535540516012019/3221752353504001551153200265395450175130For SI: 1 inch = 25.4 mm, 1 pound per foot = 14.5939 N/m.For framing of other species: (1) Find specific gravity for species of lumber in ANSI/AWC NDS. (2) For staples find shear value from table for Structural I panels (regardless of actual grade) and multiply value by 0.82 for species with specific gravity of 0.42 or greater, or 0.65 for all other species.Space fasteners maximum 12 inches on center along intermediate framing members (6 inches on center where supports are spaced 48 inches on center).Framing at adjoining panel edges shall be 3 inches nominal or wider.Staples shall have a minimum crown width of 7/16 inch and shall be installed with their crowns parallel to the long dimension of the framing members.The minimum nominal width of framing members not located at boundaries or adjoining panel edges shall be 2 inches.For shear loads of normal or permanent load duration as defined by the ANSI/AWC NDS, the values in the table shall be multiplied by 0.63 or 0.56, respectively.For Case 1 through 6 descriptions see Figure 2306.2(1).FIGURE 2306.2(1)—CASES 1 THROUGH 6 FOR USE WITH TABLE 2306.2(1)TABLE 2306.2(2)—ALLOWABLE SHEAR VALUES (POUNDS PER FOOT) FOR WOOD STRUCTURAL PANEL BLOCKED DIAPHRAGMS UTILIZING MULTIPLE ROWS OF STAPLES (HIGH-LOAD DIAPHRAGMS) WITH FRAMING OF DOUGLAS FIR-LARCH OR SOUTHERN PINEa FOR WIND OR SEISMIC LOADINGb, g, hPANEL GRADEcSTAPLE GAGEfMINIMUM FASTENER PENETRATION IN FRAMING (inches)MINIMUM NOMINAL PANEL THICKNESS (inch)MINIMUM NOMINAL WIDTH OF FRAMING MEMBER AT ADJOINING PANEL EDGES AND BOUNDARIESeLINES OF FASTENERSBLOCKED DIAPHRAGMSCases 1 and 2dFastener Spacing Per Line at Boundaries (inches)i421/22Fastener Spacing Per Line at Other Panel Edges (inches)i644332Structural I grades14 gage staples215/32326006008609601,0601,200438609001,1601,2951,2951,40019/32326006008759601,0751,200438759001,1751,4401,4751,795Sheathing single floor and other grades covered in DOC PS 1 and PS 214 gage staples215/32325405407358659151,080437358101,0051,1051,1051,19519/32326006008659601,0651,200438659001,1301,4301,3701,48523/32438659001,1301,4901,4301,545For SI: 1 inch = 25.4 mm, 1 pound per foot = 14.5939 N/m.For framing of other species: (1) Find specific gravity for species of framing lumber in ANSI/AWC NDS. (2) For staples, find shear value from table for Structural I panels (regardless of actual grade) and multiply value by 0.82 for species with specific gravity of 0.42 or greater, or 0.65 for all other species.Fastening along intermediate framing members: Space fasteners not greater than 12 inches on center, except 6 inches on center for spans greater than 32 inches.Panels conforming to DOC PS 1 or PS 2.This table gives shear values for Cases 1 and 2 as shown in Table 2306.2(1). The values shown are applicable to Cases 3, 4, 5 and 6 as shown in Table 2306.2(1), providing fasteners at all continuous panel edges are spaced in accordance with the boundary fastener spacing.The minimum nominal depth of framing members shall be 3 inches nominal. The minimum nominal width of framing members not located at boundaries or adjoining panel edges shall be 2 inches.Staples shall have a minimum crown width of 7/16 inch, and shall be installed with their crowns parallel to the long dimension of the framing members.High-load diaphragms shall be subject to special inspection in accordance with Section 1705.5.1.For shear loads of normal or permanent load duration as defined by the ANSI/AWC NDS, the values in the table shall be multiplied by 0.63 or 0.56, respectively.For fastener spacing diagrams see Figure 2306.2(2).FIGURE 2306.2(2)—FASTENER SPACING DIAGRAMS FOR USE WITH TABLE 2306.2(2)For SI: 1 inch = 25.4 mm."
2306.2.1,Section 2306 Allowable Stress Design,Gypsum Board Diaphragm Ceilings,,,,structural_design,structural_engineer,Gypsum board diaphragm ceilings shall be in accordance with Section 2508.6.
2306.3,Section 2306 Allowable Stress Design,Wood-Frame Shear Walls,,,,structural_design,structural_engineer,"Wood-frame shear walls shall be designed and constructed in accordance with AWC SDPWS. Where panels are fastened to framing members with staples, requirements and limitations of AWC SDPWS shall be met and the allowable shear values set forth in Table 2306.3(1), 2306.3(2) or 2306.3(3) shall be permitted. The allowable shear values in Tables 2306.3(1) and 2306.3(2) are permitted to be increased 40 percent for wind design. Panels complying with ANSI/APA PRP-210 shall be permitted to use design values for Plywood Siding in the AWC SDPWS.TABLE 2306.3(1)—ALLOWABLE SHEAR VALUES (POUNDS PER FOOT) FOR WOOD STRUCTURAL PANEL SHEAR WALLS UTILIZING STAPLES WITH FRAMING OF DOUGLAS FIR-LARCH OR SOUTHERN PINEa FOR WIND OR SEISMIC LOADINGb, f, g, i PANEL GRADE MINIMUM NOMINAL PANEL THICKNESS (inch) MINIMUM FASTENER PENETRATION IN FRAMING (inches) PANELS APPLIED DIRECT TO FRAMING PANELS APPLIED OVER 1/2"" OR 5/8"" GYPSUM SHEATHING Staple length and gageh (inches) Fastener spacing at panel edges (inches) Staple length and gageh (inches) Fastener spacing at panel edges (inches) 6 4 3 2d 6 4 3 2d Structural I sheathing 3/8 1 11/2 16 Gage 155 235 315 400 2 16 Gage 155 235 310 400 7/16 170 260 345 440 155 235 310 400 15/32 185 280 375 475 155 235 300 400 Sheathing, plywood sidinge except Group 5 Species, ANSI/APA PRP 210 sidinge 5/16c or 1/4c 1 11/2 16 Gage 145 220 295 375 2 16 Gage 110 165 220 285 3/8 140 210 280 360 140 210 280 360 7/16 155 230 310 395 140 210 280 360 15/32 170 255 335 430 140 210 280 360 19/32 13/4 16 Gage 185 280 375 475 — — — — — For SI: 1 inch = 25.4 mm, 1 pound per foot = 14.5939 N/m.For framing of other species: (1) Find specific gravity for species of lumber in ANSI/AWC NDS. (2) For staples find shear value from table for Structural I panels (regardless of actual grade) and multiply value by 0.82 for species with specific gravity of 0.42 or greater, or 0.65 for all other species.Panel edges backed with 2-inch nominal or wider framing. Install panels either horizontally or vertically. Space fasteners maximum 6 inches on center along intermediate framing members for 3/8-inch and 7/16-inch panels installed on studs spaced 24 inches on center. For other conditions and panel thickness, space fasteners maximum 12 inches on center on intermediate supports.3/8-inch panel thickness or siding with a span rating of 16 inches on center is the minimum recommended where applied directly to framing as exterior siding. For grooved panel siding, the nominal panel thickness is the thickness of the panel measured at the point of fastening.Framing at adjoining panel edges shall be 3 inches nominal or wider.Values apply to all-veneer plywood. Thickness at point of fastening on panel edges governs shear values.Where panels are applied on both faces of a wall and fastener spacing is less than 6 inches on center on either side, panel joints shall be offset to fall on different framing members, or framing shall be 3 inches nominal or thicker at adjoining panel edges.In Seismic Design Category D, E or F, where shear design values exceed 350 pounds per linear foot, all framing members receiving edge fastening from abutting panels shall be not less than a single 3-inch nominal member, or two 2-inch nominal members fastened together in accordance with Section 2306.1 to transfer the design shear value between framing members. Wood structural panel joint and sill plate nailing shall be staggered at all panel edges. See AWC SDPWS for sill plate size and anchorage requirements.Staples shall have a minimum crown width of 7/16 inch and shall be installed with their crowns parallel to the long dimension of the framing members.For shear loads of normal or permanent load duration as defined by the ANSI/AWC NDS, the values in the table shall be multiplied by 0.63 or 0.56, respectively.TABLE 2306.3(2)—ALLOWABLE SHEAR VALUES (plf) FOR WIND OR SEISMIC LOADING ON SHEAR WALLS OF FIBERBOARD SHEATHING BOARD CONSTRUCTION UTILIZING STAPLES FOR TYPE V CONSTRUCTION ONLYa, b, c, d, e THICKNESS AND GRADE (inches) STAPLE GAGE AND DIMENSIONS ALLOWABLE SHEAR VALUE (pounds per linear foot) STAPLE SPACING AT PANEL EDGES (inches)a 4 3 2 1/2 or 25/32 Structural No. 16 gage galvanized staple, 7/16"" crown 13/4 inches long 150 200 225 No. 16 gage galvanized staple, 1"" crown 13/4 inches long 220 290 325 For SI: 1 inch = 25.4 mm, 1 pound per foot = 14.5939 N/m.Fiberboard sheathing shall not be used to brace concrete or masonry walls.Panel edges shall be backed with 2-inch or wider framing of Douglas Fir-larch or Southern pine. For framing of other species: (1) Find specific gravity for species of framing lumber in ANSI/AWC NDS. (2) For staples, multiply the shear value from the table by 0.82 for species with specific gravity of 0.42 or greater, or 0.65 for all other species.Values shown are for fiberboard sheathing on one side only with long panel dimension either parallel or perpendicular to studs.Fastener shall be spaced 6 inches on center along intermediate framing members.Values are not permitted in Seismic Design Category D, E or F.TABLE 2306.3(3)—ALLOWABLE SHEAR VALUES FOR WIND OR SEISMIC FORCES FOR SHEAR WALLS OF LATH AND PLASTER OR GYPSUM BOARD WOOD FRAMED WALL ASSEMBLIES UTILIZING STAPLES TYPE OF MATERIAL THICKNESS OF MATERIAL WALL CONSTRUCTION STAPLE SPACINGb MAXIMUM (inches) SHEAR VALUEa, c (plf) MINIMUM STAPLE SIZE f, g 1. Expanded metal or woven wire lath and Portland cement plaster 7/8"" Unblocked 6 180 No. 16 gage galv. staple, 7/8"" legs 2. Gypsum lath, plain or perforated 3/8"" lath and 1/2"" plaster Unblocked 5 100 No. 16 gage galv. staple, 11/8"" long 3. Gypsum sheathing 1/2"" × 2' × 8' Unblocked 4 75 No. 16 gage galv. staple, 13/4"" long 1/2"" ×4' BlockeddUnblocked 47 175 100 4. Gypsum board, gypsum veneer base or water-resistant gypsum backing board 1/2"" Unblockedd 7 75 No. 16 gage galv. staple, 11/2"" long Unblockedd 4 110 Unblocked 7 100 Unblocked 4 125 Blockede 7 125 Blockede 4 150 5/8"" Unblockedd 7 115 No. 16 gage galv. staple, 15/8"" long 4 145 Blockede 7 145 4 175 BlockedeTwo-ply Base ply: 9Face ply: 7 250 No. 16 gage galv. staple 15/8"" longNo. 15 gage galv. staple, 21/4"" long For SI: 1 inch = 25.4 mm, 1 foot = 304.8 mm, 1 pound per foot = 14.5939 N/m.These shear walls shall not be used to resist loads imposed by masonry or concrete walls (see AWC SDPWS). Values shown are for short-term loading due to wind or seismic loading. Walls resisting seismic loads shall be subject to the limitations in Section 12.2.1 of ASCE 7. Values shown shall be reduced 25 percent for normal loading.Applies to fastening at studs, top and bottom plates and blocking.Except as noted, shear values are based on a maximum framing spacing of 16 inches on center.Maximum framing spacing of 24 inches on center.All edges are blocked, and edge fastening is provided at all supports and all panel edges.Staples shall have a minimum crown width of 7/16 inch, measured outside the legs, and shall be installed with their crowns parallel to the long dimension of the framing members.Staples for the attachment of gypsum lath and woven-wire lath shall have a minimum crown width of 3/4 inch, measured outside the legs."
2307.1,Section 2307 Load and Resistance Factor Design,Load and Resistance Factor Design,,,,structural_design,structural_engineer,The design and construction of wood elements and structures using load and resistance factor design shall be in accordance with ANSI/AWC NDS and AWC SDPWS.
2308.1,Section 2308 Conventional Light-Frame Construction,General,,,,structural_design,structural_engineer,"The requirements of this section are intended for buildings of conventional light-frame construction not exceeding the story height limitations of Section 2308.2.1. Other construction methods are permitted to be used, provided that a satisfactory design is submitted showing compliance with other provisions of this code. Interior nonload-bearing partitions, ceilings and curtain walls of conventional light-frame construction are not subject to the limitations of Section 2308.2. Detached one- and two-family dwellings and townhouses not more than three stories above grade plane in height with a separate means of egress and their accessory structures shall comply with the International Residential Code."
2308.2,Section 2308 Conventional Light-Frame Construction,Limitations,,,,structural_design,structural_engineer,"Buildings are permitted to be constructed in accordance with the provisions of conventional light-frame construction, subject to the limitations in Sections 2308.2.1 through 2308.2.7."
2308.2.1,Section 2308 Conventional Light-Frame Construction,Stories,,,,structural_design,structural_engineer,"Structures of conventional light-frame construction shall be limited in story height in accordance with Table 2308.2.1.TABLE 2308.2.1—ALLOWABLE STORY HEIGHT SEISMIC DESIGN CATEGORY ALLOWABLE STORY ABOVE GRADE PLANE A and B Three stories C Two stories D and Ea One story For SI:1 inch = 25.4 mm.For the purposes of this section, for buildings assigned to Seismic Design Category D or E, cripple walls shall be considered to be a story unless cripple walls are solid blocked and do not exceed 14 inches in height."
2308.2.2,Section 2308 Conventional Light-Frame Construction,Allowable Floor-to-Floor Height,,,,structural_design,structural_engineer,"Maximum floor-to-floor height shall not exceed 11 feet, 7 inches (3531 mm). Exterior bearing wall and interior braced wall heights shall not exceed a stud height of 10 feet (3048 mm)."
2308.2.3,Section 2308 Conventional Light-Frame Construction,Allowable Loads,,,,structural_design,structural_engineer,"Loads shall be in accordance with Chapter 16 and shall not exceed the following:Average dead loads shall not exceed 15 psf (718 N/m2) for combined roof and ceiling, exterior walls, floors and partitions.Exceptions:Subject to the limitations of Section 2308.10.10, stone or masonry veneer up to the less of 5 inches (127 mm) thick or 50 pounds per square foot (2395 N/m2) and installed in accordance with Chapter 14 is permitted to a height of 30 feet (9144 mm) above a noncombustible foundation, with an additional 8 feet (2439) permitted for gable ends.Concrete or masonry fireplaces, heaters and chimneys shall be permitted in accordance with the provisions of this code.Live loads shall not exceed 40 psf (1916 N/m2) for floors.Exception: Live loads for concrete slab-on-ground floors in Risk Categories I and II shall be not more than 125 psf (5985 N/m2).Allowable stress design ground snow load, pg(asd), shall not exceed 50 psf (2395 N/m2).Where design for tornado loads is required, tornado loads on the main windforce-resisting system and all components and cladding shall not exceed the corresponding wind loads on these same elements."
2308.2.4,Section 2308 Conventional Light-Frame Construction,Basic Wind Speed,,,,structural_design,structural_engineer,"V shall not exceed 130 miles per hour (57 m/s) (3-second gust).Exceptions: V shall not exceed 140 mph (63 m/s) (3-second gust) for buildings in Exposure Category B that are not located in a hurricane-prone region.Where V exceeds 130 mph (3-second gust), the provisions of either AWC WFCM or ICC 600 are permitted to be used."
2308.2.5,Section 2308 Conventional Light-Frame Construction,Allowable Roof Span,,,,structural_design,structural_engineer,Ceiling joist and rafter framing constructed in accordance with Section 2308.11 and trusses shall not span more than 40 feet (12 192 mm) between points of vertical support. A ridge board in accordance with Section 2308.11 or 2308.11.3.1 shall not be considered a vertical support.
2308.2.6,Section 2308 Conventional Light-Frame Construction,Risk Category Limitation,,,,structural_design,structural_engineer,The use of the provisions for conventional light-frame construction in this section shall not be permitted for Risk Category IV buildings assigned to a Seismic Design Category other than A.
2308.2.7,Section 2308 Conventional Light-Frame Construction,Hillside Light-Frame Construction,,,,structural_design,structural_engineer,"Design in accordance with Section 2308.3 shall be provided for the floor immediately above the cripple walls or post and beam systems and all structural elements and connections from this floor down to and including connections to the foundation and design of the foundation to transfer lateral loads from the framing above in buildings where all of the following apply:The grade slope exceeds 1 unit vertical in 5 units horizontal where averaged across the full length of any side of the building.The tallest cripple wall clear height exceeds 7 feet (2134 mm); or, where a post and beam system occurs at the building perimeter, the post and beam system tallest post clear height exceeds 7 feet (2134 m).Of the total plan area below the lowest framed floor, whether open or enclosed, less than 50 percent is occupiable space having interior wall finishes conforming to Section 2304.7 or Chapter 25.Exception: Light-frame buildings in which the lowest framed floor is supported directly on concrete or masonry walls over the full length of all sides except the downhill side of the building are exempt from this provision."
2308.3,Section 2308 Conventional Light-Frame Construction,Portions or Elements Exceeding Limitations of Conventional Light-Frame Construction,,,,structural_design,structural_engineer,"Where a building of otherwise conventional light-frame constructionpan> contains portions or structural elements that exceed the limits of Section 2308.2, those portions or elements, and the supporting load path, shall be designed in accordance with accepted engineering practice and the provisions of this code. For the purposes of this section, the term ""portions"" shall mean parts of buildings containing volume and area such as a room or a series of rooms. The extent of such design need only demonstrate compliance of the nonconventional light-framed elements with other applicable provisions of this code and shall be compatible with the performance of the conventional light-framed system."
2308.4,Section 2308 Conventional Light-Frame Construction,Structural Elements or Systems Not Described Herein,,,,structural_design,structural_engineer,"Where a building of otherwise conventional construction contains structural elements or systems not described in Section 2308, these elements or systems shall be designed in accordance with accepted engineering practice and the provisions of this code. The extent of such design need only demonstrate compliance of the nonconventional elements with other applicable provisions of this code and shall be compatible with the performance of the conventionally framed system."
2308.5,Section 2308 Conventional Light-Frame Construction,Connectors and Fasteners,,,,structural_design,structural_engineer,Connectors and fasteners used in conventional construction shall comply with the requirements of Section 2304.10.
2308.6,Section 2308 Conventional Light-Frame Construction,"Cutting, Notching and Boring of Dimensional Wood Framing",,,,structural_design,structural_engineer,"The provisions of this section shall only apply to dimensional wood framing and shall not include engineered wood products, heavy timber or prefabricated/manufactured wood assemblies."
2308.6.1,Section 2308 Conventional Light-Frame Construction,"Floor Joists, Roof Rafters and Ceiling Joists",,,,structural_design,structural_engineer,"Notches on framing ends shall not exceed one-fourth the member depth. Notches in the top or bottom of the member shall not exceed one-sixth the depth and shall not be located in the middle third of the span. A notch not more than one-third of the depth is permitted in the top of a rafter or ceiling joist not further from the face of the support than the depth of the member. Holes bored in members shall not be within 2 inches (51 mm) of the top or bottom of the member and the diameter of any such hole shall not exceed one-third the depth of the member. Where the member is notched, the hole shall not be closer than 2 inches (51 mm) to the notch."
2308.6.1.1,Section 2308 Conventional Light-Frame Construction,Ceiling Joists,,,,structural_design,structural_engineer,"Where ceiling joists also serve as floor joists, they shall be considered floor joists within this section."
2308.6.2,Section 2308 Conventional Light-Frame Construction,Wall Studs,,,,structural_design,structural_engineer,"In exterior walls and bearing partitions, a wood stud shall not be cut or notched in excess of 25 percent of its depth. In nonbearing partitions that do not support loads other than the weight of the partition, a stud shall not be cut or notched in excess of 40 percent of its depth."
2308.6.3,Section 2308 Conventional Light-Frame Construction,Bored Holes,,,,structural_design,structural_engineer,"The diameter of bored holes in wood studs shall not exceed 40 percent of the stud depth. The diameter of bored holes in wood studs shall not exceed 60 percent of the stud depth in nonbearing partitions. The diameter of bored holes in wood studs shall not exceed 60 percent of the stud depth in any wall where each stud is doubled, provided that not more than two such successive doubled studs are so bored. The edge of the bored hole shall not be closer than 5/8 inch (15.9 mm) to the edge of the stud. Bored holes shall not be located at the same section of stud as a cut or notch."
2308.6.4,Section 2308 Conventional Light-Frame Construction,Limitations,,,,structural_design,structural_engineer,"In designated lateral force-resisting system assemblies designed in accordance with this code and greater than three stories in height or in Seismic Design Categories C, D, E and F, the cutting, notching and boring of wall studs shall be as prescribed by the registered design professional.In structures designed in accordance with the Residential Code, modification of wall studs shall comply with the Residential Code."
2308.7,Section 2308 Conventional Light-Frame Construction,Foundations and Footings,,,,structural_design,structural_engineer,Foundations and footings shall be designed and constructed in accordance with Chapter 18. Connections to foundations and footings shall comply with this section.
2308.7.1,Section 2308 Conventional Light-Frame Construction,Foundation Plates or Sills,,,,structural_design,structural_engineer,Foundation plates or sills resting on concrete or masonry foundations shall comply with Section 2304.3.1. Foundation plates or sills shall be bolted or anchored to the foundation with not less than 1/2-inch-diameter (12.7 mm) steel bolts or approved anchors spaced to provide equivalent anchorage as the steel bolts. Bolts shall be embedded not less than 7 inches (178 mm) into concrete or masonry. The bolts shall be located in the middle third of the width of the plate. Bolts shall be spaced not more than 6 feet (1829 mm) on center and there shall be not less than two bolts or anchor straps per piece with one bolt or anchor strap located not more than 12 inches (305 mm) or less than 4 inches (102 mm) from each end of each piece. Bolts in sill plates of braced wall lines in structures over two stories above grade shall be spaced not more than 4 feet (1219 mm) on center. A properly sized nut and washer shall be tightened on each bolt to the plate.
2308.7.1.1,Section 2308 Conventional Light-Frame Construction,Braced Wall Line Sill Plate Anchorage in Seismic Design Category D,,,,structural_design,structural_engineer,"Sill plates along braced wall lines in buildings assigned to Seismic Design Category D shall be anchored with not less than 1/2-inch (12.7 mm) diameter anchor bolts with steel plate washers between the foundation sill plate and the nut, or approved anchor straps load-rated in accordance with Section 2304.10.4 and spaced to provide equivalent anchorage. Plate washers shall be not less than 0.229 inch by 3 inches by 3 inches (5.82 mm by 76 mm by 76 mm) in size. The hole in the plate washer is permitted to be diagonally slotted with a width of up to 3/16 inch (4.76 mm) larger than the bolt diameter and a slot length not to exceed 13/4 inches (44 mm), provided that a standard cut washer is placed between the plate washer and the nut."
2308.7.1.2,Section 2308 Conventional Light-Frame Construction,Braced Wall Line Sill Plate Anchorage in Seismic Design Category E,,,,structural_design,structural_engineer,"Sill plates along braced wall lines in buildings assigned to Seismic Design Category E shall be anchored with not less than 5/8-inch diameter (15.9 mm) anchor bolts with steel plate washers between the foundation sill plate and the nut, or approved anchor straps load-rated in accordance with Section 2304.10.4 and spaced to provide equivalent anchorage. Plate washers shall be not less than 0.229 inch by 3 inches by 3 inches (5.82 mm by 76 mm by 76 mm) in size. The hole in the plate washer is permitted to be diagonally slotted with a width of up to 3/16 inch (4.76 mm) larger than the bolt diameter and a slot length not to exceed 13/4 inches (44 mm), provided that a standard cut washer is placed between the plate washer and the nut."
2308.8,Section 2308 Conventional Light-Frame Construction,Floor Framing,,,,structural_design,structural_engineer,Floor framing shall comply with this section.
2308.8.1,Section 2308 Conventional Light-Frame Construction,Girders,,,,structural_design,structural_engineer,"Girders for single-story construction or girders supporting loads from a single floor shall be not less than 4 inches by 6 inches (102 mm by 152 mm) for spans 6 feet (1829 mm) or less, provided that girders are spaced not more than 8 feet (2438 mm) on center. Other girders shall be designed to support the loads specified in this code. Girder end joints shall occur over supports.Where a girder is spliced over a support, an adequate tie shall be provided. The ends of beams or girders supported on masonry or concrete shall not have less than 3 inches (76 mm) of bearing."
2308.8.1.1,Section 2308 Conventional Light-Frame Construction,Allowable Girder Spans,,,,structural_design,structural_engineer,"The allowable spans of girders that are fabricated of dimension lumber shall not exceed the values set forth in Table 2308.8.1.1(1) or 2308.8.1.1(2).TABLE 2308.8.1.1(1)—HEADER AND GIRDER SPANSa, b FOR EXTERIOR BEARING WALLS (Maximum spans for Douglas fir-larch, hem-fir, Southern pine and spruce-pine-fir and required number of jack studs) GIRDERS AND HEADERS SUPPORTING SIZE ALLOWABLE STRESS DESIGN GROUND SNOW LOAD, pg(asd), (psf)e 30 50 70 Building widthc (feet) 12 24 36 12 24 36 12 24 36 Spanf NJd Spanf NJd Spanf NJd Spanf NJd Spanf NJd Spanf NJd Spanf NJd Spanf NJd Spanf NJd Roof and ceiling 1-2 × 6 4-0 1 3-1 2 2-7 2 3-5 1 2-8 2 2-3 2 3-0 2 2-4 2 2-0 2 1-2 × 8 5-1 2 3-11 2 3-3 2 4-4 2 3-4 2 2-10 2 3-10 2 3-0 2 2-6 3 1-2 × 10 6-0 2 4-8 2 3-11 2 5-2 2 4-0 2 3-4 3 4-7 2 3-6 3 3-0 3 1-2 × 12 7-1 2 5-5 2 4-7 3 6-1 2 4-8 3 3-11 3 5-5 2 4-2 3 3-6 3 2-2 × 4 4-0 1 3-1 1 2-7 1 3-5 1 2-7 1 2-2 1 3-0 1 2-4 1 2-0 1 2-2 × 6 6-0 1 4-7 1 3-10 1 5-1 1 3-11 1 3-3 2 4-6 1 3-6 2 2-11 2 2-2 × 8 7-7 1 5-9 1 4-10 2 6-5 1 5-0 2 4-2 2 5-9 1 4-5 2 3-9 2 2-2 × 10 9-0 1 6-10 2 5-9 2 7-8 2 5-11 2 4-11 2 6-9 2 5-3 2 4-5 2 2-2 × 12 10-7 2 8-1 2 6-10 2 9-0 2 6-11 2 5-10 2 8-0 2 6-2 2 5-2 3 3-2 × 8 9-5 1 7-3 1 6-1 1 8-1 1 6-3 1 5-3 2 7-2 1 5-6 2 4-8 2 3-2 × 10 11-3 1 8-7 1 7-3 2 9-7 1 7-4 2 6-2 2 8-6 1 6-7 2 5-6 2 3-2 × 12 13-2 1 10-1 2 8-6 2 11-3 2 8-8 2 7-4 2 10-0 2 7-9 2 6-6 2 4-2 × 8 10-11 1 8-4 1 7-0 1 9-4 1 7-2 1 6-0 1 8-3 1 6-4 1 5-4 2 4-2 × 10 12-11 1 9-11 1 8-4 1 11-1 1 8-6 1 7-2 2 9-10 1 7-7 2 6-4 2 4-2 × 12 15-3 1 11-8 1 9-10 2 13-0 1 10-0 2 8-5 2 11-7 1 8-11 2 7-6 2 Roof, ceiling and one center-bearing floor 1-2 × 6 3-3 1 2-7 2 2-2 2 3-0 2 2-4 2 2-0 2 2-9 2 2-2 2 1-10 2 1-2 × 8 4-1 2 3-3 2 2-9 2 3-9 2 3-0 2 2-6 3 3-6 2 2-9 2 2-4 3 1-2 × 10 4-11 2 3-10 2 3-3 3 4-6 2 3-6 3 3-0 3 4-1 2 3-3 3 2-9 3 1-2 × 12 5-9 2 4-6 3 3-10 3 5-3 2 4-2 3 3-6 3 4-10 3 3-10 3 3-3 4 2-2 × 4 3-3 1 2-6 1 2-2 1 3-0 1 2-4 1 2-0 1 2-8 1 2-2 1 1-10 1 2-2 × 6 4-10 1 3-9 1 3-3 2 4-5 1 3-6 2 3-0 2 4-1 1 3-3 2 2-9 2 2-2 × 8 6-1 1 4-10 2 4-1 2 5-7 2 4-5 2 3-9 2 5-2 2 4-1 2 3-6 2 2-2 × 10 7-3 2 5-8 2 4-10 2 6-8 2 5-3 2 4-5 2 6-1 2 4-10 2 4-1 2 2-2 × 12 8-6 2 6-8 2 5-8 2 7-10 2 6-2 2 5-3 3 7-2 2 5-8 2 4-10 3 3-2 × 8 7-8 1 6-0 1 5-1 2 7-0 1 5-6 2 4-8 2 6-5 1 5-1 2 4-4 2 3-2 × 10 9-1 1 7-2 2 6-1 2 8-4 1 6-7 2 5-7 2 7-8 2 6-1 2 5-2 2 3-2 × 12 10-8 2 8-5 2 7-2 2 9-10 2 7-8 2 6-7 2 9-0 2 7-1 2 6-1 2 4-2 × 8 8-10 1 6-11 1 5-11 1 8-1 1 6-4 1 5-5 2 7-5 1 5-11 1 5-0 2 4-2 × 10 10-6 1 8-3 2 7-0 2 9-8 1 7-7 2 6-5 2 8-10 1 7-0 2 6-0 2 4-2 × 12 12-4 1 9-8 2 8-3 2 11-4 2 8-11 2 7-7 2 10-4 2 8-3 2 7-0 2 Roof, ceiling and one clear span floor 1-2 × 6 2-11 2 2-3 2 1-11 2 2-9 2 2-1 2 1-9 2 2-7 2 2-0 2 1-8 2 1-2 × 8 3-9 2 2-10 2 2-5 3 3-6 2 2-8 2 2-3 3 3-3 2 2-6 3 2-2 3 1-2 × 10 4-5 2 3-5 3 2-10 3 4-2 2 3-2 3 2-8 3 3-11 2 3-0 3 2-6 3 1-2 × 12 5-2 2 4-0 3 3-4 3 4-10 3 3-9 3 3-2 4 4-7 3 3-6 3 3-0 4 2-2 × 4 2-11 1 2-3 1 1-10 1 2-9 1 2-1 1 1-9 1 2-7 1 2-0 1 1-8 1 2-2 × 6 4-4 1 3-4 2 2-10 2 4-1 1 3-2 2 2-8 2 3-10 1 3-0 2 2-6 2 2-2 × 8 5-6 2 4-3 2 3-7 2 5-2 2 4-0 2 3-4 2 4-10 2 3-9 2 3-2 2 2-2 × 10 6-7 2 5-0 2 4-2 2 6-1 2 4-9 2 4-0 2 5-9 2 4-5 2 3-9 3 2-2 × 12 7-9 2 5-11 2 4-11 3 7-2 2 5-7 2 4-8 3 6-9 2 5-3 3 4-5 3 3-2 × 8 6-11 1 5-3 2 4-5 2 6-5 1 5-0 2 4-2 2 6-1 1 4-8 2 4-0 2 3-2 × 10 8-3 2 6-3 2 5-3 2 7-8 2 5-11 2 5-0 2 7-3 2 5-7 2 4-8 2 3-2 × 12 9-8 2 7-5 2 6-2 2 9-0 2 7-0 2 5-10 2 8-6 2 6-7 2 5-6 3 4-2 × 8 8-0 1 6-1 1 5-1 2 7-5 1 5-9 2 4-10 2 7-0 1 5-5 2 4-7 2 4-2 × 10 9-6 1 7-3 2 6-1 2 8-10 1 6-10 2 5-9 2 8-4 1 6-5 2 5-5 2 4-2 × 12 11-2 2 8-6 2 7-2 2 10-5 2 8-0 2 6-9 2 9-10 2 7-7 2 6-5 2 Roof, ceiling and two center-bearing floors 1-2 × 6 2-8 2 2-1 2 1-10 2 2-7 2 2-0 2 1-9 2 2-5 2 1-11 2 1-8 2 1-2 × 8 3-5 2 2-8 2 2-4 3 3-3 2 2-7 2 2-2 3 3-1 2 2-5 3 2-1 3 1-2 × 10 4-0 2 3-2 3 2-9 3 3-10 2 3-1 3 2-7 3 3-8 2 2-11 3 2-5 3 1-2 × 12 4-9 3 3-9 3 3-2 4 4-6 3 3-7 3 3-1 4 4-3 3 3-5 3 2-11 4 2-2 × 4 2-8 1 2-1 1 1-9 1 2-6 1 2-0 1 1-8 1 2-5 1 1-11 1 1-7 1 2-2 × 6 4-0 1 3-2 2 2-8 2 3-9 1 3-0 2 2-7 2 3-7 1 2-10 2 2-5 2 2-2 × 8 5-0 2 4-0 2 3-5 2 4-10 2 3-10 2 3-3 2 4-7 2 3-7 2 3-1 2 2-2 × 10 6-0 2 4-9 2 4-0 2 5-8 2 4-6 2 3-10 3 5-5 2 4-3 2 3-8 3 2-2 × 12 7-0 2 5-7 2 4-9 3 6-8 2 5-4 3 4-6 3 6-4 2 5-0 3 4-3 3 3-2 × 8 6-4 1 5-0 2 4-3 2 6-0 1 4-9 2 4-1 2 5-8 2 4-6 2 3-10 2 3-2 × 10 7-6 2 5-11 2 5-1 2 7-1 2 5-8 2 4-10 2 6-9 2 5-4 2 4-7 2 3-2 × 12 8-10 2 7-0 2 5-11 2 8-5 2 6-8 2 5-8 3 8-0 2 6-4 2 5-4 3 4-2 × 8 7-3 1 5-9 1 4-11 2 6-11 1 5-6 2 4-8 2 6-7 1 5-2 2 4-5 2 4-2 × 10 8-8 1 6-10 2 5-10 2 8-3 2 6-6 2 5-7 2 7-10 2 6-2 2 5-3 2 4-2 × 12 10-2 2 8-1 2 6-10 2 9-8 2 7-8 2 6-7 2 9-2 2 7-3 2 6-2 2 Roof, ceiling and two clear span floors 1-2 × 6 2-3 2 1-9 2 1-5 2 2-3 2 1-9 2 1-5 3 2-2 2 1-8 2 1-5 3 1-2 × 8 2-10 2 2-2 3 1-10 3 2-10 2 2-2 3 1-10 3 2-9 2 2-1 3 1-10 3 1-2 × 10 3-4 2 2-7 3 2-2 3 3-4 3 2-7 3 2-2 4 3-3 3 2-6 3 2-2 4 1-2 × 12 4-0 3 3-0 3 2-7 4 4-0 3 3-0 4 2-7 4 3-10 3 3-0 4 2-6 4 2-2 × 4 2-3 1 1-8 1 1-4 1 2-3 1 1-8 1 1-4 1 2-2 1 1-8 1 1-4 2 2-2 × 6 3-4 1 2-6 2 2-2 2 3-4 2 2-6 2 2-2 2 3-3 2 2-6 2 2-1 2 2-2 × 8 4-3 2 3-3 2 2-8 2 4-3 2 3-3 2 2-8 2 4-1 2 3-2 2 2-8 3 2-2 × 10 5-0 2 3-10 2 3-2 3 5-0 2 3-10 2 3-2 3 4-10 2 3-9 3 3-2 3 2-2 × 12 5-11 2 4-6 3 3-9 3 5-11 2 4-6 3 3-9 3 5-8 2 4-5 3 3-9 3 3-2 × 8 5-3 1 4-0 2 3-5 2 5-3 2 4-0 2 3-5 2 5-1 2 3-11 2 3-4 2 3-2 × 10 6-3 2 4-9 2 4-0 2 6-3 2 4-9 2 4-0 2 6-1 2 4-8 2 4-0 3 3-2 × 12 7-5 2 5-8 2 4-9 3 7-5 2 5-8 2 4-9 3 7-2 2 5-6 3 4-8 3 4-2 × 8 6-1 1 4-8 2 3-11 2 6-1 1 4-8 2 3-11 2 5-11 1 4-7 2 3-10 2 4-2 × 10 7-3 2 5-6 2 4-8 2 7-3 2 5-6 2 4-8 2 7-0 2 5-5 2 4-7 2 4-2 × 12 8-6 2 6-6 2 5-6 2 8-6 2 6-6 2 5-6 2 8-3 2 6-4 2 5-4 3 For SI: 1 inch = 25.4 mm, 1 pound per square foot = 0.0479 kPa.Spans are given in feet and inches.Spans are based on minimum design properties for No. 2 grade lumber of Douglas fir-larch, hem-fir, Southern pine and spruce-pine fir.Building width is measured perpendicular to the ridge. For widths between those shown, spans are permitted to be interpolated.NJ = Number of jack studs required to support each end. Where the number of required jack studs equals one, the header is permitted to be supported by an approved framing anchor attached to the full-height wall stud and to the header.Use 30 psf allowable stress design ground snow load for cases in which allowable stress design ground snow load is less than 30 psf and the roof liveload is equal to or less than 20 psf.Spans are calculated assuming the top of the header or girder is laterally braced by perpendicular framing. Where the top of the header or girder is not laterally braced (for example, cripple studs bearing on the header), tabulated spans for headers consisting of 2 × 8, 2 × 10, or 2 × 12 sizes shall be multiplied by 0.70 or the header or girder shall be designed.TABLE 2308.8.1.1(2)—HEADER AND GIRDER SPANSa, b FOR INTERIOR BEARING WALLS (Maximum spans for Douglas fir-larch, hem-fir, Southern pine and spruce-pine-fir and required number of jack studs) HEADERS AND GIRDERS SUPPORTING SIZE BUILDING WIDTHc (feet) 12 24 36 Spane NJd Spane NJd Spane NJd One floor only 2-2 × 4 4-1 1 2-10 1 2-4 1 2-2 × 6 6-1 1 4-4 1 3-6 1 2-2 × 8 7-9 1 5-5 1 4-5 2 2-2 × 10 9-2 1 6-6 2 5-3 2 2-2 × 12 10-9 1 7-7 2 6-3 2 3-2 × 8 9-8 1 6-10 1 5-7 1 3-2 × 10 11-5 1 8-1 1 6-7 2 3-2 × 12 13-6 1 9-6 2 7-9 2 4-2 × 8 11-2 1 7-11 1 6-5 1 4-2 × 10 13-3 1 9-4 1 7-8 1 4-2 × 12 15-7 1 11-0 1 9-0 2 Two floors 2-2 × 4 2-7 1 1-11 1 1-7 1 2-2 × 6 3-11 1 2-11 2 2-5 2 2-2 × 8 5-0 1 3-8 2 3-1 2 2-2 × 10 5-11 2 4-4 2 3-7 2 2-2 × 12 6-11 2 5-2 2 4-3 3 3-2 × 8 6-3 1 4-7 2 3-10 2 3-2 × 10 7-5 1 5-6 2 4-6 2 3-2 × 12 8-8 2 6-5 2 5-4 2 4-2 × 8 7-2 1 5-4 1 4-5 2 4-2 × 10 8-6 1 6-4 2 5-3 2 4-2 × 12 10-1 1 7-5 2 6-2 2 For SI: 1 inch = 25.4 mm, 1 foot = 304.8 mm.Spans are given in feet and inches.Spans are based on minimum design properties for No. 2 grade lumber of Douglas fir-larch, hem-fir, Southern pine and spruce-pine fir.Building width is measured perpendicular to the ridge. For widths between those shown, spans are permitted to be interpolated.NJ = Number of jack studs required to support each end. Where the number of required jack studs equals one, the header is permitted to be supported by an approved framing anchor attached to the full-height wall stud and to the header.Spans are calculated assuming the top of the header or girder is laterally braced by perpendicular framing. Where the top of the header or girder is not laterally braced (for example, cripple studs bearing on the header), tabulated spans for headers consisting of 2 × 8, 2 × 10, or 2 × 12 sizes shall be multiplied by 0.70 or the header or girder shall be designed."
2308.8.2,Section 2308 Conventional Light-Frame Construction,Floor Joists,,,,structural_design,structural_engineer,Floor joists shall comply with this section.
2308.8.2.1,Section 2308 Conventional Light-Frame Construction,Span,,,,structural_design,structural_engineer,"Spans for floor joists shall be in accordance with Table 2308.8.2.1(1), Table 2308.8.2.1(2) or the AWC STJR.TABLE 2308.8.2.1(1)—FLOOR JOIST SPANS FOR COMMON LUMBER SPECIES (Residential sleeping areas, live load = 30 psf, L/Δ = 360)JOIST SPACING (inches)SPECIES AND GRADEDEAD LOAD = 10 psfDEAD LOAD = 20 psf2 × 62 × 82 × 102 × 122 × 62 × 82 × 102 × 12Maximum floor joist spans(ft. - in.)(ft. - in.)(ft. - in.)(ft. - in.)(ft. - in.)(ft. - in.)(ft. - in.)(ft. - in.)12Douglas Fir-LarchSS12-616-621-025-712-616-621-025-7Douglas Fir-Larch#112-015-1020-324-812-015-719-022-0Douglas Fir-Larch#211-1015-719-1023-011-614-717-920-7Douglas Fir-Larch#39-812-415-017-58-811-013-515-7Hem-FirSS11-1015-719-1024-211-1015-719-1024-2Hem-Fir#111-715-319-523-711-715-218-621-6Hem-Fir#211-014-618-622-611-014-417-620-4Hem-Fir#39-812-415-017-58-811-013-515-7Southern PineSS12-316-220-825-112-316-220-825-1Southern Pine#111-1015-719-1024-211-1015-718-722-0Southern Pine#211-314-1118-121-410-913-816-219-1Southern Pine#39-211-614-016-68-210-312-614-9Spruce-Pine-FirSS11-715-319-523-711-715-319-523-7Spruce-Pine-Fir#111-314-1119-023-011-314-717-920-7Spruce-Pine-Fir#211-314-1119-023-011-314-717-920-7Spruce-Pine-Fir#39-812-415-017-58-811-013-515-716Douglas Fir-LarchSS11-415-019-123-311-415-019-123-0Douglas Fir-Larch#110-1114-518-521-410-813-616-519-1Douglas Fir-Larch#210-914-117-219-119-1112-715-517-10Douglas Fir-Larch#38-510-813-015-17-69-611-813-6Hem-FirSS10-914-218-021-1110-914-218-021-11Hem-Fir#110-613-1017-820-910-413-116-018-7Hem-Fir#210-013-216-1019-89-1012-515-217-7Hem-Fir#38-510-813-015-17-69-611-813-6Southern PineSS11-214-818-922-1011-214-818-922-10Southern Pine#110-914-218-021-410-913-916-119-1Southern Pine#210-313-315-818-69-411-1014-016-6Southern Pine#37-1110-1012-114-47-18-1110-1012-10Spruce-Pine-FirSS10-613-1017-821-610-613-1017-821-4Spruce-Pine-Fir#110-313-617-219-119-1112-715-517-10Spruce-Pine-Fir#210-313-617-219-119-1112-715-517-10Spruce-Pine-Fir#38-510-813-015-17-69-611-813-619.2Douglas Fir-LarchSS10-814-118-021-1010-814-118-021-0Douglas Fir-Larch#110-413-716-919-69-812-415-017-5Douglas Fir-Larch#210-112-1015-818-39-111-614-116-3Douglas Fir-Larch#37-89-911-1013-96-108-810-712-4Hem-FirSS10-113-417-020-810-113-417-020-7Hem-Fir#19-1013-016-419-09-612-014-817-0Hem-Fir#29-512-515-617-18-1111-413-1016-1Hem-Fir#37-89-911-1013-96-108-810-712-4Southern PineSS10-613-1017-821-610-613-1017-821-6Southern Pine#110-113-416-519-69-1112-714-817-5Southern Pine#29-612-114-416-108-610-1012-1015-1Southern Pine#37-39-111-013-16-58-29-1011-8Spruce-Pine-FirSS9-1013-016-720-29-1013-016-719-6Spruce-Pine-Fir#19-812-915-818-39-111-614-116-3Spruce-Pine-Fir#29-812-915-818-39-111-614-116-3Spruce-Pine-Fir#37-89-911-1013-96-108-810-712-424Douglas Fir-LarchSS9-1113-116-820-39-1113-116-218-9Douglas Fir-Larch#19-712-415-017-58-811-013-515-7Douglas Fir-Larch#29-111-614-116-38-110-312-714-7Douglas Fir-Larch#36-108-810-712-46-27-99-611-0Hem-FirSS9-412-415-919-29-412-415-918-5Hem-Fir#19-212-014-817-08-610-913-115-2Hem-Fir#28-911-413-1016-18-010-212-514-4Hem-Fir#36-108-810-712-46-27-99-611-0Southern PineSS9-912-1016-519-119-912-1016-519-8Southern Pine#19-412-414-817-58-1011-313-115-7Southern Pine#28-610-1012-1015-17-79-811-513-6Southern Pine#36-58-29-1011-85-97-38-1010-5Spruce-Pine-FirSS9-212-115-518-99-212-115-017-5Spruce-Pine-Fir#18-1111-614-116-38-110-312-714-7Spruce-Pine-Fir#28-1111-614-116-38-110-312-714-7Spruce-Pine-Fir#36-108-810-712-46-27-99-611-0For SI: 1 inch = 25.4 mm, 1 foot = 304.8 mm, 1 pound per square foot = 0.0479 kPa.Note: Check sources for availability of lumber in lengths greater than 20 feet.TABLE 2308.8.2.1(2)—FLOOR JOIST SPANS FOR COMMON LUMBER SPECIES (Residential living areas, live load = 40 psf, L/Δ = 360)JOIST SPACING (inches)SPECIES AND GRADEDEAD LOAD = 10 psfDEAD LOAD = 20 psf2 × 62 × 82 × 102 × 122 × 62 × 82 × 102 × 12Maximum floor joist spans(ft. - in.)(ft. - in.)(ft. - in.)(ft. - in.)(ft. - in.)(ft. - in.)(ft. - in.)(ft. - in.)12Douglas Fir-LarchSS11-415-019-123-311-415-019-123-3Douglas Fir-Larch#110-1114-518-522-010-1114-217-420-1Douglas Fir-Larch#210-914-217-920-710-613-316-318-10Douglas Fir-Larch#38-811-013-515-77-1110-012-314-3Hem-FirSS10-914-218-021-1110-914-218-021-11Hem-Fir#110-613-1017-821-610-613-1016-1119-7Hem-Fir#210-013-216-1020-410-013-116-018-6Hem-Fir#38-811-013-515-77-1110-012-314-3Southern PineSS11-214-818-922-1011-214-818-922-10Southern Pine#110-914-218-021-1110-914-216-1120-1Southern Pine#210-313-616-219-19-1012-614-917-5Southern Pine#38-210-312-614-97-59-511-513-6Spruce-Pine-FirSS10-613-1017-821-610-613-1017-821-6Spruce-Pine-Fir#110-313-617-320-710-313-316-318-10Spruce-Pine-Fir#210-313-617-320-710-313-316-318-10Spruce-Pine-Fir#38-811-013-515-77-1110-012-314-316Douglas Fir-LarchSS10-413-717-421-110-413-717-421-0Douglas Fir-Larch#19-1113-116-519-19-812-415-017-5Douglas Fir-Larch#29-912-715-517-109-111-614-116-3Douglas Fir-Larch#37-69-611-813-66-108-810-712-4Hem-FirSS9-912-1016-519-119-912-1016-519-11Hem-Fir#19-612-716-018-79-612-014-817-0Hem-Fir#29-112-015-217-78-1111-413-1016-1Hem-Fir#37-69-611-813-66-108-810-712-4Southern PineSS10-213-417-020-910-213-417-020-9Southern Pine#19-912-1016-119-19-912-714-817-5Southern Pine#29-411-1014-016-68-610-1012-1015-1Southern Pine#37-18-1110-1012-106-58-29-1011-8Spruce-Pine-FirSS9-612-716-019-69-612-716-019-6Spruce-Pine-Fir#19-412-315-517-109-111-614-116-3Spruce-Pine-Fir#29-412-315-517-109-111-614-116-3Spruce-Pine-Fir#37-69-611-813-66-108-810-712-419.2Douglas Fir-LarchSS9-812-1016-419-109-812-1016-419-2Douglas Fir-Larch#19-412-415-017-58-1011-313-815-11Douglas Fir-Larch#29-111-614-116-38-310-612-1014-10Douglas Fir-Larch#36-108-810-712-46-37-119-811-3Hem-FirSS9-212-115-518-99-212-115-518-9Hem-Fir#19-011-1014-817-08-810-1113-415-6Hem-Fir#28-711-313-1016-18-210-412-814-8Hem-Fir#36-108-810-712-46-37-119-811-3Southern PineSS9-612-716-019-69-612-716-019-6Southern Pine#19-212-114-817-59-011-513-515-11Southern Pine#28-610-1012-1015-17-99-1011-813-9Southern Pine#36-58-29-1011-85-117-59-010-8Spruce-Pine-FirSS9-011-1015-118-49-011-1015-117-9Spruce-Pine-Fir#8-911-614-116-38-310-612-1014-10Spruce-Pine-Fir#28-911-614-116-38-310-612-1014-10Spruce-Pine-Fir#36-108-810-712-46-37-119-811-324Douglas Fir-LarchSS9-011-1115-218-59-011-1114-917-1Douglas Fir-Larch#18-811-013-515-77-1110-012-314-3Douglas Fir-Larch#28-110-312-714-77-59-511-613-4Douglas Fir-Larch#36-27-99-611-05-77-18-810-1Hem-FirSS8-611-314-417-58-611-314-416-10aHem-Fir#18-410-913-115-27-99-911-1113-10Hem-Fir#27-1110-212-514-47-49-311-413-1Hem-Fir#36-27-99-611-05-77-18-810-1Southern PineSS8-1011-814-1118-18-1011-814-1118-0Southern Pine#18-611-313-115-78-110-312-014-3Southern Pine#27-79-811-513-67-08-1010-512-4Southern Pine#35-97-38-1010-55-36-88-19-6Spruce-Pine-FirSS8-411-014-017-08-411-013-815-11Spruce-Pine-Fir#18-110-312-714-77-59-511-613-4Spruce-Pine-Fir#28-110-312-714-77-59-511-613-4Spruce-Pine-Fir#36-27-99-611-05-77-18-810-1For SI: 1 inch = 25.4 mm, 1 foot = 304.8 mm, 1 pound per square foot = 0.0479 kPa.Note: Check sources for availability of lumber in lengths greater than 20 feet.End bearing length shall be increased to 2 inches."
2308.8.2.2,Section 2308 Conventional Light-Frame Construction,Bearing,,,,structural_design,structural_engineer,"The ends of each joist shall have not less than 11/2 inches (38 mm) of bearing on wood or metal, or not less than 3 inches (76 mm) on masonry, except where supported on a 1-inch by 4-inch (25 mm by 102 mm) ribbon strip and nailed to the adjoining stud."
2308.8.2.3,Section 2308 Conventional Light-Frame Construction,Framing Details,,,,structural_design,structural_engineer,"Joists shall be supported laterally at the ends and at each support by solid blocking except where the ends of the joists are nailed to a header, band or rim joist or to an adjoining stud or by other means. Solid blocking shall be not less than 2 inches (51 mm) in thickness and the full depth of the joist. Joist framing from opposite sides of a beam, girder or partition shall be lapped not less than 3 inches (76 mm) or the opposing joists shall be tied together in an approved manner. Joists framing into the side of a wood girder shall be supported by framing anchors or on ledger strips not less than 2 inches by 2 inches (51 mm by 51 mm)."
2308.8.3,Section 2308 Conventional Light-Frame Construction,Engineered Wood Products,,,,structural_design,structural_engineer,"Engineered wood products shall be installed in accordance with manufacturer's recommendations. Cuts, notches and holes bored in trusses, structural composite lumber, structural glued-laminated members or I-joists are not permitted except where permitted by the manufacturer's recommendations or where the effects of such alterations are specifically considered in the design of the member by a registered design professional."
2308.8.4,Section 2308 Conventional Light-Frame Construction,Framing Around Openings,,,,structural_design,structural_engineer,"Trimmer and header joists shall be doubled, or of lumber of equivalent cross section, where the span of the header exceeds 4 feet (1219 mm). The ends of header joists more than 6 feet (1829 mm) in length shall be supported by framing anchors or joist hangers unless bearing on a beam, partition or wall. Tail joists over 12 feet (3658 mm) in length shall be supported at the header by framing anchors or on ledger strips not less than 2 inches by 2 inches (51 mm by 51 mm)."
2308.8.4.1,Section 2308 Conventional Light-Frame Construction,"Openings in Floor Diaphragms in Seismic Design Categories B, C, D and E",,,,structural_design,structural_engineer,"Openings in horizontal diaphragms in Seismic Design Categories B, C, D and E with a dimension that is greater than 4 feet (1219 mm) shall be constructed with metal ties and blocking in accordance with this section and Figure 2308.8.4.1(1). Metal ties shall be not less than 0.058 inch [1.47 mm (16 galvanized gage)] in thickness by 11/2 inches (38 mm) in width and shall have a yield stress not less than 33,000 psi (227 MPa). Blocking shall extend not less than the dimension of the opening in the direction of the tie and blocking. Ties shall be attached to blocking in accordance with the manufacturer's instructions but with not less than eight 16d common nails on each side of the header-joist intersection.Openings in floor diaphragms in Seismic Design Categories D and E shall not have any dimension exceeding 50 percent of the distance between braced wall lines or an area greater than 25 percent of the area between orthogonal pairs of braced wall lines [see Figure 2308.8.4.1(2)]; or the portion of the structure containing the opening shall be designed in accordance with accepted engineering practice to resist the forces specified in Chapter 16, to the extent such irregular opening affects the performance of the conventional framing system.FIGURE 2308.8.4.1(1)—OPENINGS IN FLOOR AND ROOF DIAPHRAGMSFIGURE 2308.8.4.1(2)—OPENING LIMITATIONS FOR FLOOR AND ROOF DIAPHRAGMS"
2308.8.4.2,Section 2308 Conventional Light-Frame Construction,Vertical Offsets in Floor Diaphragms in Seismic Design Categories D and E,,,,structural_design,structural_engineer,"In Seismic Design Categories D and E, portions of a floor level shall not be vertically offset such that the framing members on either side of the offset cannot be lapped or tied together in an approved manner in accordance with Figure 2308.8.4.2 unless the portion of the structure containing the irregular offset is designed in accordance with accepted engineering practice.Exception: Framing supported directly by foundations need not be lapped or tied directly together.FIGURE 2308.8.4.2—PORTIONS OF FLOOR LEVEL OFFSET VERTICALLY"
2308.8.5,Section 2308 Conventional Light-Frame Construction,Joists Supporting Bearing Partitions,,,,structural_design,structural_engineer,"Bearing partitions parallel to joists shall be supported on beams, girders, doubled joists, walls or other bearing partitions. Bearing partitions perpendicular to joists shall not be offset from supporting girders, walls or partitions more than the joist depth unless such joists are of sufficient size to carry the additional load."
2308.8.6,Section 2308 Conventional Light-Frame Construction,Lateral Support,,,,structural_design,structural_engineer,"Floor and ceiling framing with a nominal depth-to-thickness ratio not less than 5 to 1 shall have one edge held in line for the entire span. Where the nominal depth-to-thickness ratio of the framing member exceeds 6 to 1, there shall be one line of bridging for each 8 feet (2438 mm) of span, unless both edges of the member are held in line. The bridging shall consist of not less than 1-inch by 3-inch (25 mm by 76 mm) lumber, double nailed at each end, or equivalent metal bracing of equal rigidity, full-depth solid blocking or other approved means. A line of bridging shall be required at supports where equivalent lateral support is not otherwise provided."
2308.8.7,Section 2308 Conventional Light-Frame Construction,Structural Floor Sheathing,,,,structural_design,structural_engineer,Structural floor sheathing shall comply with the provisions of Section 2304.8.1.
2308.8.8,Section 2308 Conventional Light-Frame Construction,Under-Floor Ventilation,,,,structural_design,structural_engineer,"For under-floor ventilation, see Section 1202.4."
2308.8.9,Section 2308 Conventional Light-Frame Construction,Floor Framing Supporting Braced Wall Panels,,,,structural_design,structural_engineer,"Where braced wall panels are supported by cantilevered floors or are set back from the floor joist support, the floor framing shall comply with Section 2308.10.7."
2308.8.10,Section 2308 Conventional Light-Frame Construction,"Anchorage of Exterior <span class=""u-italic"">Means of Egress</span> Components in Seismic Design Categories D and E",,,,structural_design,structural_engineer,"Exterior egress balconies, exterior stairways and ramps and similar means of egress components in structures assigned to Seismic Design Category D or E shall be positively anchored to the primary structure at not more than 8 feet (2438 mm) on center or shall be designed for lateral forces. Such attachment shall not be accomplished by use of toenails or nails subject to withdrawal."
2308.9,Section 2308 Conventional Light-Frame Construction,Wall Construction,,,,structural_design,structural_engineer,Walls of conventional light-frame construction shall be in accordance with this section.
2308.9.1,Section 2308 Conventional Light-Frame Construction,"Stud Size, Height and Spacing",,,,structural_design,structural_engineer,"The size, height and spacing of studs shall be in accordance with Table 2308.9.1.Studs shall be continuous from a support at the sole plate to a support at the top plate to resist loads perpendicular to the wall. The support shall be a foundation or floor, ceiling or roof diaphragm or shall be designed in accordance with accepted engineering practice.Exception: Jack studs, trimmer studs and cripple studs at openings in walls that comply with Table 2308.8.1.1(1) or 2308.8.1.1(2).TABLE 2308.9.1—SIZE, HEIGHT AND SPACING OF WOOD STUDSc STUD SIZE (inches) BEARING WALLS NONBEARING WALLS Laterally unsupported stud heighta (feet) Supporting roof and ceiling only Supporting one floor, roof and ceiling Supporting two floors, roof and ceiling Laterally unsupported stud heighta (feet) Spacing (inches) Spacing (inches) 2 × 3b — — — — 10 16 2 × 4 10 24 16 — 14 24 3 × 4 10 24 24 16 14 24 2 × 5 10 24 24 — 16 24 2 × 6 10 24 24 16 20 24 For SI: 1 inch = 25.4 mm, 1 foot = 304.8 mm.Listed heights are distances between points of lateral support placed perpendicular to the plane of the wall. Increases in unsupported height are permitted where justified by an analysis.Shall not be used in exterior walls.Utility-grade studs shall not be spaced more than 16 inches on center or support more than a roof and ceiling, or exceed 8 feet in height for exterior walls and load-bearing walls or 10 feet for interior nonload-bearing walls."
2308.9.2,Section 2308 Conventional Light-Frame Construction,Framing Details,,,,structural_design,structural_engineer,"Studs shall be placed with their wide dimension perpendicular to the wall. Not less than three studs shall be installed at each corner of an exterior wall.Exceptions:In interior nonbearing walls and partitions, studs are permitted to be set with the long dimension parallel to the wall.At corners, two studs are permitted, provided that wood spacers or backup cleats of 3/8-inch-thick (9.5 mm) wood structural panel, 3/8-inch (9.5 mm) Type M ""Exterior Glue"" particleboard, 1-inch-thick (25 mm) lumber or other approved devices that will serve as an adequate backing for the attachment of facing materials are used. Where fire-resistance ratings or shear values are involved, wood spacers, backup cleats or other devices shall not be used unless specifically approved for such use."
2308.9.3,Section 2308 Conventional Light-Frame Construction,Plates and Sills,,,,structural_design,structural_engineer,Studs shall have plates and sills in accordance with this section.
2308.9.3.1,Section 2308 Conventional Light-Frame Construction,Bottom Plate or Sill,,,,structural_design,structural_engineer,Studs shall have full bearing on a plate or sill. Plates or sills shall be not less than 2 inches (51 mm) nominal in thickness and have a width not less than the width of the wall studs.
2308.9.3.2,Section 2308 Conventional Light-Frame Construction,Top Plates,,,,structural_design,structural_engineer,"Bearing and exterior wall studs shall be capped with double top plates installed to provide overlapping at corners and at intersections with other partitions. End joints in double top plates shall be offset not less than 48 inches (1219 mm), and shall be nailed in accordance with Table 2304.10.2. Plates shall be a nominal 2 inches (51 mm) in depth and have a width not less than the width of the studs.Exception: A single top plate is permitted, provided that the plate is adequately tied at corners and intersecting walls by not less than the equivalent of 3-inch by 6-inch (76 mm by 152 mm) by 0.036-inch-thick (0.914 mm) galvanized steel plate that is nailed to each wall or segment of wall by six 8d [21/2-inch by 0.113-inch (64-mm by 2.87 mm)] box nails or equivalent on each side of the joint. For the butt-joint splice between adjacent single top plates, not less than the equivalent of a 3-inch by 12-inch (76 mm by 304 mm) by 0.036-inch-thick (0.914 mm) galvanized steel plate that is nailed to each wall or segment of wall by 12 8d [21/2-inch by 0.113-inch (64 mm by 2.87 mm)] box nails on each side of the joint shall be required, provided that the rafters, joists or trusses are centered over the studs with a tolerance of not more than 1 inch (25 mm). The top plate shall not be required over headers that are in the same plane and in line with the upper surface of the adjacent top plates and are tied to adjacent wall sections as required for the butt joint splice between adjacent single top plates.Where bearing studs are spaced at 24-inch (610 mm) intervals, top plates are less than two 2-inch by 6-inch (51 mm by 152 mm) or two 3-inch by 4-inch (76 mm by 102 mm) members and the floor joists, floor trusses or roof trusses that they support are spaced at more than 16-inch (406 mm) intervals, such joists or trusses shall bear within 5 inches (127 mm) of the studs beneath or a third plate shall be installed."
2308.9.4,Section 2308 Conventional Light-Frame Construction,Nonload-Bearing Walls and Partitions,,,,structural_design,structural_engineer,"In nonload-bearing walls and partitions, that are not part of a braced wall panel, studs shall be spaced not more than 24 inches (610 mm) on center. In interior nonload-bearing walls and partitions, studs are permitted to be set with the long dimension parallel to the wall. Where studs are set with the long dimensions parallel to the wall, use of utility grade lumber or studs exceeding 10 feet (3048 mm) is not permitted. Interior nonload-bearing partitions shall be capped with not less than a single top plate installed to provide overlapping at corners and at intersections with other walls and partitions. The plate shall be continuously tied at joints by solid blocking not less than 16 inches (406 mm) in length and equal in size to the plate or by 1/2-inch by 11/2-inch (12.7 mm by 38 mm) metal ties with spliced sections fastened with two 16d nails on each side of the joint."
2308.9.5,Section 2308 Conventional Light-Frame Construction,Openings in Walls and Partitions,,,,structural_design,structural_engineer,Openings in exterior and interior walls and partitions shall comply with Sections 2308.9.5.1 through 2308.9.5.3.
2308.9.5.1,Section 2308 Conventional Light-Frame Construction,Openings in Exterior Bearing Walls,,,,structural_design,structural_engineer,"Headers shall be provided over each opening in exterior bearing walls. The size and spans in Table 2308.8.1.1(1) are permitted to be used for one- and two-family dwellings. Headers for other buildings shall be designed in accordance with Section 2302.1, Item 1 or 2. Headers of two or more pieces of nominal 2-inch (51 mm) framing lumber set on edge shall be permitted in accordance with Table 2308.8.1.1(1) and nailed together in accordance with Table 2304.10.2 or of solid lumber of equivalent size.Single-member headers of nominal 2-inch (51 mm) thickness shall be framed with a single flat 2-inch-nominal (51 mm) member or wall plate not less in width than the wall studs on the top and bottom of the header in accordance with Figures 2308.9.5.1(1) and 2308.9.5.1(2) and face nailed to the top and bottom of the header with 10d box nails [3 inches × 0.128 inches (76 mm × 3.3 mm)] spaced 12 inches (305 mm) on center.Wall studs shall support the ends of the header in accordance with Table 2308.8.1.1(1). Each end of a lintel or header shall have a bearing length of not less than 11/2 inches (38 mm) for the full width of the lintel.FIGURE 2308.9.5.1(1)—SINGLE-MEMBER HEADER IN EXTERIOR BEARING WALLFIGURE 2308.9.5.1(2)—ALTERNATIVE SINGLE-MEMBER HEADER WITHOUT CRIPPLE"
2308.9.5.2,Section 2308 Conventional Light-Frame Construction,Openings in Interior Bearing Partitions,,,,structural_design,structural_engineer,"Headers shall be provided over each opening in interior bearing partitions as required in Section 2308.9.5.1. The spans in Table 2308.8.1.1(2) are permitted to be used. Wall studs shall support the ends of the header in accordance with Table 2308.8.1.1(1) or 2308.8.1.1(2), as applicable."
2308.9.5.3,Section 2308 Conventional Light-Frame Construction,Openings in Interior Nonbearing Partitions,,,,structural_design,structural_engineer,Openings in nonbearing partitions are permitted to be framed with single studs and headers. Each end of a lintel or header shall have a bearing length of not less than 11/2 inches (38 mm) for the full width of the lintel.
2308.9.6,Section 2308 Conventional Light-Frame Construction,Cripple Walls,,,,structural_design,structural_engineer,"Foundation cripple walls shall be framed of studs that are not less than the size of the studs above. Exterior cripple wall studs shall be not less than 14 inches (356 mm) in length, or shall be framed of solid blocking. Where exceeding 4 feet (1219 mm) in height, such walls shall be framed of studs having the size required for an additional story. See Section 2308.10.6 for cripple wall bracing."
2308.9.7,Section 2308 Conventional Light-Frame Construction,Bridging,,,,structural_design,structural_engineer,"Unless covered by interior or exterior wall coverings or sheathing meeting the minimum requirements of this code, stud partitions or walls with studs having a height-to-least-thickness ratio exceeding 50 shall have bridging that is not less than 2 inches (51 mm) in thickness and of the same width as the studs fitted snugly and nailed thereto to provide adequate lateral support. Bridging shall be placed in every stud cavity and at a frequency such that studs so braced shall not have a height-to-least-thickness ratio exceeding 50 with the height of the stud measured between horizontal framing and bridging or between bridging, whichever is greater."
2308.9.8,Section 2308 Conventional Light-Frame Construction,Pipes in Walls,,,,structural_design,structural_engineer,"Stud partitions containing plumbing, heating or other pipes shall be framed and the joists underneath spaced to provide proper clearance for the piping. Where a partition containing piping runs parallel to the floor joists, the joists underneath such partitions shall be doubled and spaced to permit the passage of pipes and shall be bridged. Where plumbing, heating or other pipes are placed in, or partly in, a partition, necessitating the cutting of the soles or plates, a metal tie not less than 0.058 inch (1.47 mm) (16 galvanized gage) and 11/2 inches (38 mm) in width shall be fastened to each plate across and to each side of the opening with not less than six 16d nails."
2308.9.9,Section 2308 Conventional Light-Frame Construction,Exterior Wall Sheathing,,,,structural_design,structural_engineer,"Except where stucco construction that complies with Section 2510 is installed, the outside of exterior walls, including gables, of enclosed buildings shall be sheathed with one of the materials of the nominal thickness specified in Table 2308.9.9 with fasteners in accordance with the requirements of Section 2304.10 or fasteners designed in accordance with accepted engineering practice. Alternatively, sheathing materials and fasteners complying with Section 2304.6 shall be permitted.TABLE 2308.9.9—MINIMUM THICKNESS OF WALL SHEATHING SHEATHING TYPE MINIMUM THICKNESS MAXIMUM WALL STUD SPACING Diagonal wood boards 5/8 inch 24 inches on center Structural fiberboard 1/2 inch 16 inches on center Wood structural panel In accordance with Tables 2308.10.3(2) and 2308.10.3(3) — M-S ""Exterior Glue"" and M-2 ""Exterior Glue"" particleboard In accordance with Section 2306.3 and Table 2308.10.3(4) — Gypsum sheathing 1/2 inch 16 inches on center Reinforced cement mortar 1 inch 24 inches on center Hardboard panel siding In accordance with Table 2308.10.3(5) — For SI: 1 inch = 25.4 mm."
2308.10,Section 2308 Conventional Light-Frame Construction,Wall Bracing,,,,structural_design,structural_engineer,Buildings shall be provided with exterior and interior braced wall lines as described in Sections 2308.10.1 through 2308.10.10.2.
2308.10.1,Section 2308 Conventional Light-Frame Construction,Braced Wall Lines,,,,structural_design,structural_engineer,"For the purpose of determining the amount and location of bracing required along each story level of a building, braced wall lines shall be designated as straight lines through the building plan in both the longitudinal and transverse direction and placed in accordance with Table 2308.10.1 and Figure 2308.10.1. Braced wall line spacing shall not exceed the distance specified in Table 2308.10.1. In structures assigned to Seismic Design Category D or E, braced wall lines shall intersect perpendicularly to each other.FIGURE 2308.10.1—BASIC COMPONENTS OF THE LATERAL BRACING SYSTEMFor SI: 1 foot = 304.8 mm.TABLE 2308.10.1—WALL BRACING REQUIREMENTSaSEISMIC DESIGN CATEGORYSTORY CONDITION (SEE SECTION 2308.2)MAXIMUM SPACING OF BRACED WALL LINESBRACED PANEL LOCATION, SPACING (O.C.) AND MINIMUM PERCENTAGE (X)MAXIMUM DISTANCE OF BRACED WALL PANELS FROM EACH END OF BRACED WALL LINEBracing methodbLIBDWB, WSPSFB, PBS, PCP, HPS, GBc, dA and B35' - 0""Each end and ≤ 25'- 0"" o.c.Each end and ≤ 25'- 0"" o.c.Each end and ≤ 25'- 0"" o.c.12'- 6""35'- 0""Each end and ≤ 25'- 0"" o.c.Each end and ≤ 25'- 0"" o.c.Each end and ≤ 25'- 0"" o.c.12'- 6""35'- 0""NPEach end and ≤ 25'- 0"" o.c.Each end and ≤ 25'- 0"" o.c.12'- 6""C35'- 0""NPEach end and ≤ 25'- 0"" o.c.Each end and ≤ 25'- 0"" o.c.12'- 6""35'- 0""NPEach end and ≤ 25'- 0"" o.c. (minimum 25% of wall length)eEach end and ≤ 25'- 0"" o.c. (minimum 25% of wall length)e12'- 6""D and E25'- 0""NPSDS < 0.50: Each end and ≤ 25'- 0"" o.c. (minimum 21% of wall length)eSDS < 0.50: Each end and ≤ 25'- 0"" o.c. (minimum 43% of wall length)e8'- 0""0.5 ≤ SDS < 0.75: Each end and ≤ 25'- 0"" o.c. (minimum 32% of wall length)e0.5 ≤ SDS< 0.75: Each end and ≤ 25'- 0"" o.c. (minimum 59% of wall length)e0.75 ≤ SDS ≤ 1.00: Each end and ≤ 25'- 0"" o.c. (minimum 37% of wall length)e0.75 ≤ SDS ≤ 1.00: Each end and ≤ 25'- 0"" o.c. (minimum 75% of wall length)SDS > 1.00: Each end and ≤ 25'- 0"" o.c. (minimum 48% of wall length)eSDS > 1.00: Each end and ≤ 25'- 0"" o.c. (minimum 100% of wall length)eFor SI: 1 inch = 25.4 mm, 1 foot = 304.8 mm.NP = Not Permitted.This table specifies minimum requirements for braced wall panels along interior or exterior braced wall lines.See Section 2308.10.3 for full description of bracing methods.For Method GB, gypsum wallboard applied to framing supports that are spaced at 16 inches on center.The required lengths shall be doubled for gypsum board applied to only one face of a braced wall panel.Percentage shown represents the minimum amount of bracing required along the building length (or wall length if the structure has an irregular shape)."
2308.10.2,Section 2308 Conventional Light-Frame Construction,Braced Wall Panels,,,,structural_design,structural_engineer,Braced wall panels shall be placed along braced wall lines in accordance with Table 2308.10.1 and Figure 2308.10.1 and as specified in Table 2308.10.3(1). A braced wall panel shall be located at each end of the braced wall line and at the corners of intersecting braced wall lines or shall begin within the maximum distance from the end of the braced wall line in accordance with Table 2308.10.1. Braced wall panels in a braced wall line shall not be offset from each other by more than 4 feet (1219 mm). Braced wall panels shall be clearly indicated on the plans.
2308.10.3,Section 2308 Conventional Light-Frame Construction,Braced Wall Panel Methods,,,,structural_design,structural_engineer,"Construction of braced wall panels shall be by one or a combination of the methods in Table 2308.10.3(1). Braced wall panel length shall be in accordance with Section 2308.10.4 or 2308.10.5.TABLE 2308.10.3(1)—BRACING METHODSMETHODS, MATERIALMINIMUM THICKNESSFIGURECONNECTION CRITERIAaFastenersSpacingLIBaLet-in-bracing1"" × 4"" wood or approved metal straps attached at 45° to 60° angles to studs at maximum of 16"" o.c.Table 2304.10.2Wood: per stud plus top and bottom platesMetal strap: installed in accordance with manufacturer's recommendationsMetal strap: installed in accordance with manufacturer's recommendationsDWBDiagonal wood boards3/4"" thick (1"" nominal) × 6"" minimum width to studs at maximum of 24"" o.c.Table 2304.10.2Per studWSPWood structural panel3/8"" in accordance with Table 2308.10.3(2) or 2308.10.3(3)Table 2304.10.26"" edges 12"" fieldSFBStructural fiberboard sheathing1/2"" in accordance with Table 2304.10.2 to studs at maximum 16"" o.c.Table 2304.10.23"" edges 6"" fieldGBGypsum board (Double sided)1/2"" or 5/8"" by not less than 4' wide to studs at maximum of 24"" o.c.Section 2506.2 for exterior and interior sheathing: 5d cooler nails (15/8"" × 0.086"") or 11/4"" screws (Type W or S) for 1/2"" gypsum board or 15/8"" screws (Type W or S) for 5/8"" gypsum boardFor all braced wall panel locations: 7"" o.c. along panel edges (including top and bottom plates) and 7"" o.c. in the fieldPBSParticleboard sheathing3/8"" or 1/2"" in accordance with Table 2308.10.3(4) to studs at maximum of 16"" o.c.6d common (2"" long × 0.113"" dia.) nails for 3/8"" thick sheathing or 8d common (21/2"" long × 0.131"" dia.) nails for 1/2"" thick sheathing3"" edges 6"" fieldPCPPortland cement plasterSection 2510 to studs at maximum of 16"" o.c.11/2"" long, 11 gage, 0.120"" dia.,7/16"" dia. head nails or 7/8"" long, 16 gage staples6"" o.c. on all framing membersHPSHardboard panel siding7/16"" in accordance with Table 2308.10.3(5)Table 2304.10.24"" edges 8"" fieldABWAlternate braced wall3/8""Figure 2308.10.5.1 and Section 2308.10.5.1Figure 2308.10.5.1PFHPortal frame with hold-downs3/8""Figure 2308.10.5.2 and Section 2308.10.5.2Figure 2308.10.5.2For SI: 1 foot = 304.8 mm, 1 degree = 0.01745 rad.Method LIB shall have gypsum board fastened to one or more side(s) with nails or screwsTABLE 2308.10.3(2)—EXPOSED PLYWOOD PANEL SIDINGMINIMUM THICKNESSa (inch)MINIMUM NUMBER OF PLIESSTUD SPACING (inches) Plywood siding applied directly to studs or over sheathing3/8316b1/2424For SI: 1 inch = 25.4 mm.Thickness of grooved panels is measured at bottom of grooves.Spans are permitted to be 24 inches if plywood siding applied with face grain perpendicular to studs or over one of the following: 1-inch board sheathing; 7/16-inch wood structural panel sheathing; or 3/8-inch wood structural panel sheathing with strength axis (which is the long direction of the panel unless otherwise marked) of sheathing perpendicular to studs.TABLE 2308.10.3(3)—WOOD STRUCTURAL PANEL WALL SHEATHINGb (Not exposed to the weather, strength axis parallel or perpendicular to studs except as indicated)MINIMUM THICKNESS (inch)PANEL SPAN RATINGSTUD SPACING (inches)Siding nailed to studsNailable sheathingSheathing parallel to studsSheathing perpendicular to studs3/8, 15/32, 1/216/0, 20/0, 24/0, 32/16 Wall—24"" o.c.2416247/16, 15/32, 1/224/0, 24/16, 32/16 Wall—24"" o.c.2424a24For SI: 1 inch = 25.4 mm.Plywood shall consist of four or more plies.Blocking of horizontal joints shall not be required except as specified in Section 2308.10.4.TABLE 2308.10.3(4)—ALLOWABLE SPANS FOR PARTICLEBOARD WALL SHEATHING (Not exposed to the weather, long dimension of the panel parallel or perpendicular to studs)GRADETHICKNESS (inch)STUD SPACING (inches)Siding nailed to studsSheathing under coverings specified in Section 2308.10.3 parallel or perpendicular to studsM-S ""Exterior Glue"" and M-2 ""Exterior Glue""3/816—1/21616For SI: 1 inch = 25.4 mm.TABLE 2308.10.3(5)—HARDBOARD SIDINGSIDINGMINIMUM NOMINAL THICKNESS (inch)2 × 4 FRAMING MAXIMUM SPACINGNAIL SIZEa, b, dNAIL SPACINGGeneralBracing panelsc1. Lap sidingDirect to studs3/816"" o.c.8d16"" o.c.Not applicableOver sheathing3/816"" o.c.10d16"" o.c.Not applicable2. Square edge panel sidingDirect to studs3/824"" o.c.6d6"" o.c. edges; 12"" o.c. at intermediate supports4"" o.c. edges; 8"" o.c. at intermediate supportsOver sheathing3/824"" o.c.8d6"" o.c. edges; 12"" o.c. at intermediate supports4"" o.c. edges; 8"" o.c. at intermediate supports3. Shiplap edge panel sidingDirect to studs3/816"" o.c.6d6"" o.c. edges; 12"" o.c. at intermediate supports4"" o.c. edges; 8"" o.c. at intermediate supportsOver sheathing3/816"" o.c.8d6"" o.c. edges; 12"" o.c. at intermediate supports4"" o.c. edges; 8"" o.c. at intermediate supportsFor SI: 1 inch = 25.4 mm.Nails shall be corrosion resistant.Minimum acceptable nail dimensions:Panel Siding (inch)Lap Siding (inch)Shank diameter0.0920.099Head diameter0.2250.240Where used to comply with Section 2308.10.Nail length must accommodate the sheathing and penetrate framing 11/2 inches."
2308.10.4,Section 2308 Conventional Light-Frame Construction,Braced Wall Panel Construction,,,,structural_design,structural_engineer,"For Methods DWB, WSP, SFB, PBS, PCP and HPS, each panel must be not less than 48 inches (1219 mm) in length, covering three stud spaces where studs are spaced 16 inches (406 mm) on center and covering two stud spaces where studs are spaced 24 inches (610 mm) on center. Braced wall panels less than 48 inches (1219 mm) in length shall not contribute toward the amount of required bracing. Braced wall panels that are longer than the required length shall be credited for their actual length. For Method GB, each panel must be not less than 96 inches (2438 mm) in length where applied to one side of the studs or 48 inches (1219 mm) in length where applied to both sides.Vertical joints of panel sheathing shall occur over studs and adjacent panel joints shall be nailed to common framing members. Horizontal joints shall occur over blocking or other framing equal in size to the studs except where waived by the installation requirements for the specific sheathing materials. Sole plates shall be nailed to the floor framing in accordance with Section 2308.10.7 and top plates shall be connected to the framing above in accordance with Section 2308.10.7.2. Where joists are perpendicular to braced wall lines above, blocking shall be provided under and in line with the braced wall panels."
2308.10.5,Section 2308 Conventional Light-Frame Construction,Alternative Bracing,,,,structural_design,structural_engineer,"An alternate braced wall (ABW) or a portal frame with hold-downs (PFH) described in this section is permitted to substitute for a 48-inch (1219 mm) braced wall panel of Method DWB, WSP, SFB, PBS, PCP or HPS. For Method GB, each 96-inch (2438 mm) section (applied to one face) or 48-inch (1219 mm) section (applied to both faces) or portion thereof required by Table 2308.10.1 is permitted to be replaced by one panel constructed in accordance with Method ABW or PFH."
2308.10.5.1,Section 2308 Conventional Light-Frame Construction,Alternate Braced Wall (ABW),,,,structural_design,structural_engineer,"An ABW shall be constructed in accordance with this section and Figure 2308.10.5.1. In one-story buildings, each panel shall have a length of not less than 2 feet 8 inches (813 mm) and a height of not more than 10 feet (3048 mm). Each panel shall be sheathed on one face with 3/8-inch (3.2 mm) minimum-thickness wood structural panel sheathing nailed with 8d common or galvanized box nails in accordance with Table 2304.10.2 and blocked at wood structural panel edges. Two anchor bolts installed in accordance with Section 2308.7.1 shall be provided in each panel. Anchor bolts shall be placed at each panel outside quarter points. Each panel end stud shall have a hold-down device fastened to the foundation, capable of providing an approved uplift capacity of not less than 1,800 pounds (8006 N). The hold-down device shall be installed in accordance with the manufacturer's recommendations. The ABW shall be supported directly on a foundation or on floor framing supported directly on a foundation that is continuous across the entire length of the braced wall line. This foundation shall be reinforced with not less than one No. 4 bar top and bottom. Where the continuous foundation is required to have a depth greater than 12 inches (305 mm), a minimum 12-inch by 12-inch (305 mm by 305 mm) continuous footing or turned-down slab edge is permitted at door openings in the braced wall line. This continuous footing or turned-down slab edge shall be reinforced with not less than one No. 4 bar top and bottom. This reinforcement shall be lapped 15 inches (381 mm) with the reinforcement required in the continuous foundation located directly under the braced wall line.Where the ABW is installed at the first story of two-story buildings, the wood structural panel sheathing shall be provided on both faces, three anchor bolts shall be placed at one-quarter points and tie-down device uplift capacity shall be not less than 3,000 pounds (13 344 N).FIGURE 2308.10.5.1—ALTERNATE BRACED WALL PANEL (ABW)For SI:1 inch = 25.4 mm, 1 foot = 304.8 mm."
2308.10.5.2,Section 2308 Conventional Light-Frame Construction,Portal Frame With Hold-Downs (PFH),,,,structural_design,structural_engineer,"A PFH shall be constructed in accordance with this section and Figure 2308.10.5.2. The adjacent door or window opening shall have a full-length header.In one-story buildings, each panel shall have a length of not less than 16 inches (406 mm) and a height of not more than 10 feet (3048 mm). Each panel shall be sheathed on one face with a single layer of 3/8-inch (9.5 mm) minimum-thickness wood structural panel sheathing nailed with 8d common or galvanized box nails in accordance with Figure 2308.10.5.2. The wood structural panel sheathing shall extend up over the solid sawn or glued-laminated header and shall be nailed in accordance with Figure 2308.10.5.2. A built-up header consisting of not fewer than two 2-inch by 12-inch (51 mm by 305 mm) boards, fastened in accordance with Item 24 of Table 2304.10.2 shall be permitted to be used. A spacer, if used, shall be placed on the side of the built-up beam opposite the wood structural panel sheathing. The header shall extend between the inside faces of the first full-length outer studs of each panel. The clear span of the header between the inner studs of each panel shall be not less than 6 feet (1829 mm) and not more than 18 feet (5486 mm) in length. A strap with an uplift capacity of not less than 1,000 pounds (4,400 N) shall fasten the header to the inner studs opposite the sheathing. One anchor bolt not less than 5/8 inch (15.9 mm) diameter and installed in accordance with Section 2308.7.1 shall be provided in the center of each sill plate. The studs at each end of the panel shall have a hold-down device fastened to the foundation with an uplift capacity of not less than 3,500 pounds (15 570 N).Where a panel is located on one side of the opening, the header shall extend between the inside face of the first full-length stud of the panel and the bearing studs at the other end of the opening. A strap with an uplift capacity of not less than 1,000 pounds (4400 N) shall fasten the header to the bearing studs. The bearing studs shall have a hold-down device fastened to the foundation with an uplift capacity of not less than 1,000 pounds (4400 N). The hold-down devices shall be an embedded strap type, installed in accordance with the manufacturer's recommendations. The PFH panels shall be supported directly on a foundation that is continuous across the entire length of the braced wall line. This foundation shall be reinforced with not less than one No. 4 bar top and bottom. Where the continuous foundation is required to have a depth greater than 12 inches (305 mm), a minimum 12-inch by 12-inch (305 mm by 305 mm) continuous footing or turned-down slab edge is permitted at door openings in the braced wall line. This continuous footing or turned-down slab edge shall be reinforced with not less than one No. 4 bar top and bottom. This reinforcement shall be lapped not less than 15 inches (381 mm) with the reinforcement required in the continuous foundation located directly under the braced wall line.Where a PFH is installed at the first story of two-story buildings, each panel shall have a length of not less than 24 inches (610 mm).FIGURE 2308.10.5.2—PORTAL FRAME WITH HOLD-DOWNS (PFH)For SI:1 inch = 25.4 mm, 1 foot = 304.8 mm, 1 pound = 4.448 N."
2308.10.6,Section 2308 Conventional Light-Frame Construction,Cripple Wall Bracing,,,,structural_design,structural_engineer,Cripple walls shall be braced in accordance with Section 2308.10.6.1 or 2308.10.6.2.
2308.10.6.1,Section 2308 Conventional Light-Frame Construction,"Cripple Wall Bracing in Seismic Design Categories A, B and C",,,,structural_design,structural_engineer,"For the purposes of this section, cripple walls in Seismic Design Categories A, B and C having a stud height exceeding 14 inches (356 mm) shall be considered to be a story and shall be braced in accordance with Table 2308.10.1. Spacing of edge nailing for required cripple wall bracing shall not exceed 6 inches (152 mm) on center along the foundation plate and the top plate of the cripple wall. Nail size, nail spacing for field nailing and more restrictive boundary nailing requirements shall be as required elsewhere in the code for the specific bracing material used."
2308.10.6.2,Section 2308 Conventional Light-Frame Construction,Cripple Wall Bracing in Seismic Design Categories D and E,,,,structural_design,structural_engineer,"For the purposes of this section, cripple walls in Seismic Design Categories D and E shall not have a stud height exceeding 14 inches (356 mm), and studs shall be solid blocked in accordance with Section 2308.9.6 for the full dwelling perimeter and for the full length of interior braced walls lines supported on foundations, excepting ventilation and access openings."
2308.10.7,Section 2308 Conventional Light-Frame Construction,Connections of Braced Wall Panels,,,,structural_design,structural_engineer,"Braced wall panel joints shall occur over studs or blocking. Braced wall panels shall be fastened to studs, top and bottom plates and at panel edges. Braced wall panels shall be applied to nominal 2-inch-wide [actual 11/2-inch (38 mm)] or larger stud framing."
2308.10.7.1,Section 2308 Conventional Light-Frame Construction,Bottom Plate Connection,,,,structural_design,structural_engineer,"Braced wall line bottom plates shall be connected to joists or full-depth blocking below in accordance with Table 2304.10.2, or to foundations in accordance with Section 2308.10.7.3."
2308.10.7.2,Section 2308 Conventional Light-Frame Construction,Top Plate Connection,,,,structural_design,structural_engineer,"Where joists or rafters are used, braced wall line top plates shall be fastened over the full length of the braced wall line to joists, rafters, rim boards or full-depth blocking above in accordance with Table 2304.10.2, as applicable, based on the orientation of the joists or rafters to the braced wall line. Blocking shall be not less than 2 inches (51 mm) in nominal thickness and shall be fastened to the braced wall line top plate as specified in Table 2304.10.2. Notching or drilling of holes in blocking in accordance with the requirements of Section 2308.6 shall be permitted.At exterior gable end walls, braced wall panel sheathing in the top story shall be extended and fastened to the roof framing where the spacing between parallel exterior braced wall lines is greater than 50 feet (15 240 mm).Where roof trusses are used and are installed perpendicular to an exterior braced wall line, lateral forces shall be transferred from the roof diaphragm to the braced wall over the full length of the braced wall line by blocking of the ends of the trusses or by other approved methods providing equivalent lateral force transfer. Blocking shall be not less than 2 inches (51 mm) in nominal thickness and equal to the depth of the truss at the wall line and shall be fastened to the braced wall line top plate as specified in Table 2304.10.2. Notching or drilling of holes in blocking in accordance with the requirements of Section 2308.6 or 2308.11.4 shall be permitted.Exception: Where the roof sheathing is greater than 91/4 inches (235 mm) above the top plate, solid blocking is not required where the framing members are connected using one of the following methods:In accordance with Figure 2308.10.7.2(1).In accordance with Figure 2308.10.7.2(2).Full-height engineered blocking panels designed for values listed in AWC WFCM.A design in accordance with accepted engineering methods.FIGURE 2308.10.7.2(1)—BRACED WALL LINE TOP PLATE CONNECTIONFor SI:1 foot = 304.8 mm.a. Methods of bracing shall be as described in Table 2308.10.3(1) DWB, WSP, SFB, GB, PBS, PCP or HPS.FIGURE 2308.10.7.2(2)—BRACED WALL PANEL TOP PLATE CONNECTIONFor SI:1 foot = 304.8 mm.a. Methods of bracing shall be as described in Table 2308.10.3(1) DWB, WSP, SFB, GB, PBS, PCP or HPS."
2308.10.7.3,Section 2308 Conventional Light-Frame Construction,Sill Anchorage,,,,structural_design,structural_engineer,"Where foundations are required by Section 2308.10.8, braced wall line sills shall be anchored to concrete or masonry foundations. Such anchorage shall conform to the requirements of Section 2308.7. The anchors shall be distributed along the length of the braced wall line. Other anchorage devices having equivalent capacity are permitted."
2308.10.7.4,Section 2308 Conventional Light-Frame Construction,Anchorage to All-Wood Foundations,,,,structural_design,structural_engineer,"Where all-wood foundations are used, the force transfer from the braced wall lines shall be determined based on calculation and shall have a capacity that is not less than the connections required by Section 2308.7."
2308.10.8,Section 2308 Conventional Light-Frame Construction,Braced Wall Line and Diaphragm Support,,,,structural_design,structural_engineer,Braced wall lines and floor and roof diaphragms shall be supported in accordance with this section.
2308.10.8.1,Section 2308 Conventional Light-Frame Construction,Foundation Requirements,,,,structural_design,structural_engineer,"Braced wall lines shall be supported by continuous foundations.Exception: For structures with a maximum plan dimension not more than 50 feet (15 240 mm), continuous foundations are required at exterior walls only.For structures in Seismic Design Categories D and E, exterior braced wall panels shall be in the same plane vertically with the foundation or the portion of the structure containing the offset shall be designed in accordance with accepted engineering practice and Section 2308.3.Exceptions:Exterior braced wall panels shall be permitted to be located not more than 4 feet (1219 mm) from the foundation below where supported by a floor constructed in accordance with all of the following:Cantilevers or setbacks shall not exceed four times the nominal depth of the floor joists.Floor joists shall be 2 inches by 10 inches (51 mm by 254 mm) or larger and spaced not more than 16 inches (406 mm) on center.The ratio of the back span to the cantilever shall be not less than 2 to 1.Floor joists at ends of braced wall panels shall be doubled.A continuous rim joist shall be connected to the ends of cantilevered joists. The rim joist is permitted to be spliced using a metal tie not less than 0.058 inch (1.47 mm) (16 galvanized gage) and 11/2 inches (38 mm) in width fastened with six 16d common nails on each side. The metal tie shall have a yield stress not less than 33,000 psi (227 MPa).Joists at setbacks or the end of cantilevered joists shall not carry gravity loads from more than a single story having uniform wall and roof loads nor carry the reactions from headers having a span of 8 feet (2438 mm) or more.The end of a required braced wall panel shall be allowed to extend not more than 1 foot (305 mm) over an opening in the wall below. This requirement is applicable to braced wall panels offset in plane and braced wall panels offset out of plane as permitted by Exception 1. Braced wall panels are permitted to extend over an opening not more than 8 feet (2438 mm) in width where the header is a 4-inch by 12-inch (102 mm by 305 mm) or larger member."
2308.10.8.2,Section 2308 Conventional Light-Frame Construction,Floor and Roof Diaphragm Support in Seismic Design Categories D and E,,,,structural_design,structural_engineer,"In structures assigned to Seismic Design Categories D or E, floor and roof diaphragms shall be laterally supported by braced wall lines on all edges and connected in accordance with Section 2308.10.7 [see Figure 2308.10.8.2(1)].Exception: Portions of roofs or floors that do not support braced wall panels above are permitted to extend up to 6 feet (1829 mm) beyond a braced wall line [see Figure 2308.10.8.2(2)] provided that the framing members are connected to the braced wall line below in accordance with Section 2308.10.7.FIGURE 2308.10.8.2(1)—ROOF IN SDC D OR E NOT SUPPORTED ON ALL EDGESFIGURE 2308.10.8.2(2)—ROOF EXTENSION IN SDC D OR E BEYOND BRACED WALL LINEFor SI: 1 foot = 304.8 mm."
2308.10.8.3,Section 2308 Conventional Light-Frame Construction,"Stepped Footings in Seismic Design Categories B, C, D and E",,,,structural_design,structural_engineer,"In Seismic Design Categories B, C, D and E, where the height of a required braced wall panel extending from foundation to floor above varies more than 4 feet (1219 mm), the following construction shall be used:Where the bottom of the footing is stepped and the lowest floor framing rests directly on a sill bolted to the footings, the sill shall be anchored as required in Section 2308.7.Where the lowest floor framing rests directly on a sill bolted to a footing not less than 8 feet (2438 mm) in length along a line of bracing, the line shall be considered to be braced. The double plate of the cripple stud wall beyond the segment of footing extending to the lowest framed floor shall be spliced to the sill plate with metal ties, one on each side of the sill and plate. The metal ties shall be not less than 0.058 inch [1.47 mm (16 galvanized gage)] by 11/2 inches (38 mm) in width by 48 inches (1219 mm) with eight 16d common nails on each side of the splice location (see Figure 2308.10.8.3). The metal tie shall have a yield stress not less than 33,000 pounds per square inch (psi) (227 MPa).Where cripple walls occur between the top of the footing and the lowest floor framing, the bracing requirements for a story shall apply.FIGURE 2308.10.8.3—STEPPED FOOTING CONNECTION DETAILSFor SI:1 inch = 25.4 mm, 1 foot = 304.8 mm."
2308.10.9,Section 2308 Conventional Light-Frame Construction,Attachment of Sheathing,,,,structural_design,structural_engineer,Fastening of braced wall panel sheathing shall be not less than that prescribed in Tables 2308.10.1 and 2304.10.2. Wall sheathing shall not be attached to framing members by adhesives.
2308.10.10,Section 2308 Conventional Light-Frame Construction,Limitations of Concrete or Masonry Veneer,,,,structural_design,structural_engineer,Concrete or masonry veneer shall comply with Chapter 14 and this section.
2308.10.10.1,Section 2308 Conventional Light-Frame Construction,Limitations of Concrete or Masonry Veneer in Seismic Design Category B or C,,,,structural_design,structural_engineer,"In Seismic Design Categories B and C, concrete or masonry walls and stone or masonry veneer shall not extend above a basement.Exceptions:In structures assigned to Seismic Design Category B, stone and masonry veneer is permitted to be used in the first two stories above grade plane or the first three stories above grade plane where the lowest story has concrete or masonry walls, provided that wood structural panel wall bracing is used and the length of bracing provided is one and one-half times the required length specified in Table 2308.10.1.Stone and masonry veneer is permitted to be used in the first story above grade plane or the first two stories above grade plane where the lowest story has concrete or masonry walls.Stone and masonry veneer is permitted to be used in both stories of buildings with two stories above grade plane, provided that the following criteria are met:Type of brace in accordance with Section 2308.10.1 shall be WSP and the allowable shear capacity in accordance with Section 2306.3 shall be not less than 350 plf (5108 N/m).Braced wall panels in the second story shall be located in accordance with Section 2308.10.1 and not more than 25 feet (7620 mm) on center, and the total length of braced wall panels shall be not less than 25 percent of the braced wall line length. Braced wall panels in the first story shall be located in accordance with Section 2308.10.1 and not more than 25 feet (7620 mm) on center, and the total length of braced wall panels shall be not less than 45 percent of the braced wall line length.Hold-down connectors with an allowable capacity of 2,000 pounds (8896 N) shall be provided at the ends of each braced wall panel for the second story to the first story connection. Hold-down connectors with an allowable capacity of 3,900 pounds (17 347 N) shall be provided at the ends of each braced wall panel for the first story to the foundation connection. In all cases, the hold-down connector force shall be transferred to the foundation.Cripple walls shall not be permitted."
2308.10.10.2,Section 2308 Conventional Light-Frame Construction,Limitations of Concrete or Masonry in Seismic Design Categories D and E,,,,structural_design,structural_engineer,"In Seismic Design Categories D and E, concrete or masonry walls and stone or masonry veneer shall not extend above a basement.Exception: In structures assigned to Seismic Design Category D, stone and masonry veneer is permitted to be used in the first story above grade plane, provided that the following criteria are met:Type of brace in accordance with Section 2308.10.1 shall be WSP and the allowable shear capacity in accordance with Section 2306.3 shall be not less than 350 plf (5108 N/m).The braced wall panels in the first story shall be located at each end of the braced wall line and not more than 25 feet (7620 mm) on center, and the total length of braced wall panels shall be not less than 45 percent of the braced wall line length.Hold-down connectors shall be provided at the ends of braced walls for the first floor to foundation with an allowable capacity of 2,100 pounds (9341 N).Cripple walls shall not be permitted."
2308.11,Section 2308 Conventional Light-Frame Construction,Roof and Ceiling Framing,,,,structural_design,structural_engineer,"The framing details required in this section apply to roofs having a slope of not less than three units vertical in 12 units horizontal (25-percent slope). Where the roof slope is less than three units vertical in 12 units horizontal (25-percent slope), members supporting rafters and ceiling joists such as ridge board, hips and valleys shall be designed as beams."
2308.11.1,Section 2308 Conventional Light-Frame Construction,Ceiling Joist Spans,,,,structural_design,structural_engineer,"Spans for ceiling joists shall be in accordance with Table 2308.11.1(1) or 2308.11.1(2). For other grades and species, and other loading conditions, refer to the AWC STJR.TABLE 2308.11.1(1)—CEILING JOIST SPANS FOR COMMON LUMBER SPECIES (Uninhabitable attics without storage, live load = 10 psf, L/Δ = 240) CEILING JOIST SPACING (inches) SPECIES AND GRADE DEAD LOAD = 5 psf 2 × 4 2 × 6 2 × 8 2 × 10 Maximum ceiling joist spans (ft. - in.) (ft. - in.) (ft. - in.) (ft. - in.) 12 Douglas Fir-Larch SS 13-2 20-8 Note a Note a Douglas Fir-Larch #1 12-8 19-11 Note a Note a Douglas Fir-Larch #2 12-5 19-6 25-8 Note a Douglas Fir-Larch #3 10-10 15-10 20-1 24-6 Hem-Fir SS 12-5 19-6 25-8 Note a Hem-Fir #1 12-2 19-1 25-2 Note a Hem-Fir #2 11-7 18-2 24-0 Note a Hem-Fir #3 10-10 15-10 20-1 24-6 Southern Pine SS 12-11 20-3 Note a Note a Southern Pine #1 12-5 19-6 25-8 Note a Southern Pine #2 11-10 18-8 24-7 Note a Southern Pine #3 10-1 14-11 18-9 22-9 Spruce-Pine-Fir SS 12-2 19-1 25-2 Note a Spruce-Pine-Fir #1 11-10 18-8 24-7 Note a Spruce-Pine-Fir #2 11-10 18-8 24-7 Note a Spruce-Pine-Fir #3 10-10 15-10 20-1 24-6 16 Douglas Fir-Larch SS 11-11 18-9 24-8 Note a Douglas Fir-Larch #1 11-6 18-1 23-10 Note a Douglas Fir-Larch #2 11-3 17-8 23-0 Note a Douglas Fir-Larch #3 9-5 13-9 17-5 21-3 Hem-Fir SS 11-3 17-8 23-4 Note a Hem-Fir #1 11-0 17-4 22-10 Note a Hem-Fir #2 10-6 16-6 21-9 Note a Hem-Fir #3 9-5 13-9 17-5 21-3 Southern Pine SS 11-9 18-5 24-3 Note a Southern Pine #1 11-3 17-8 23-4 Note a Southern Pine #2 10-9 16-11 21-7 25-7 Southern Pine #3 8-9 12-11 16-3 19-9 Spruce-Pine-Fir SS 11-0 17-4 22-10 Note a Spruce-Pine-Fir #1 10-9 16-11 22-4 Note a Spruce-Pine-Fir #2 10-9 16-11 22-4 Note a Spruce-Pine-Fir #3 9-5 13-9 17-5 21-3 19.2 Douglas Fir-Larch SS 11-3 17-8 23-3 Note a Douglas Fir-Larch #1 10-10 17-0 22-5 Note a Douglas Fir-Larch #2 10-7 16-7 21-0 25-8 Douglas Fir-Larch #3 8-7 12-6 15-10 19-5 Hem-Fir SS 10-7 16-8 21-11 Note a Hem-Fir #1 10-4 16-4 21-6 Note a Hem-Fir #2 9-11 15-7 20-6 25-3 Hem-Fir #3 8-7 12-6 15-10 19-5 Southern Pine SS 11-0 17-4 22-10 Note a Southern Pine #1 10-7 16-8 22-0 Note a Southern Pine #2 10-2 15-7 19-8 23-5 Southern Pine #3 8-0 11-9 14-10 18-0 Spruce-Pine-Fir SS 10-4 16-4 21-6 Note a Spruce-Pine-Fir #1 10-2 15-11 21-0 25-8 Spruce-Pine-Fir #2 10-2 15-11 21-0 25-8 Spruce-Pine-Fir #3 8-7 12-6 15-10 19-5 24 Douglas Fir-Larch SS 10-5 16-4 21-7 Note a Douglas Fir-Larch #1 10-0 15-9 20-1 24-6 Douglas Fir-Larch #2 9-10 14-10 18-9 22-11 Douglas Fir-Larch #3 7-8 11-2 14-2 17-4 Hem-Fir SS 9-10 15-6 20-5 Note a Hem-Fir #1 9-8 15-2 19-7 23-11 Hem-Fir #2 9-2 14-5 18-6 22-7 Hem-Fir #3 7-8 11-2 14-2 17-4 Southern Pine SS 10-3 16-1 21-2 Note a Southern Pine #1 9-10 15-6 20-5 24-0 Southern Pine #2 9-3 13-11 17-7 20-11 Southern Pine #3 7-2 10-6 13-3 16-1 Spruce-Pine-Fir SS 9-8 15-2 19-11 25-5 Spruce-Pine-Fir #1 9-5 14-9 18-9 22-11 Spruce-Pine-Fir #2 9-5 14-9 18-9 22-11 Spruce-Pine-Fir #3 7-8 11-2 14-2 17-4 Check sources for availability of lumber in lengths greater than 20 feet.For SI: 1 inch = 25.4 mm, 1 foot = 304.8 mm, 1 pound per square foot = 0.0479 kPa.Span exceeds 26 feet in length.TABLE 2308.11.1(2)—CEILING JOIST SPANS FOR COMMON LUMBER SPECIES (Uninhabitable attics with limited storage, live load = 20 psf, L/Δ = 240) CEILING JOIST SPACING (inches) SPECIES AND GRADE DEAD LOAD = 10 psf 2 × 4 2 × 6 2 × 8 2 × 10 Maximum ceiling joist spans (ft. - in.) (ft. - in.) (ft. - in.) (ft. - in.) 12 Douglas Fir-Larch SS 10-5 16-4 21-7 Note a Douglas Fir-Larch #1 10-0 15-9 20-1 24-6 Douglas Fir-Larch #2 9-10 14-10 18-9 22-11 Douglas Fir-Larch #3 7-8 11-2 14-2 17-4 Hem-Fir SS 9-10 15-6 20-5 Note a Hem-Fir #1 9-8 15-2 19-7 23-11 Hem-Fir #2 9-2 14-5 18-6 22-7 Hem-Fir #3 7-8 11-2 14-2 17-4 Southern Pine SS 10-3 16-1 21-2 Note a Southern Pine #1 9-10 15-6 20-5 24-0 Southern Pine #2 9-3 13-11 17-7 20-11 Southern Pine #3 7-2 10-6 13-3 16-1 Spruce-Pine-Fir SS 9-8 15-2 19-11 25-5 Spruce-Pine-Fir #1 9-5 14-9 18-9 22-11 Spruce-Pine-Fir #2 9-5 14-9 18-9 22-11 Spruce-Pine-Fir #3 7-8 11-2 14-2 17-4 16 Douglas Fir-Larch SS 9-6 14-11 19-7 25-0 Douglas Fir-Larch #1 9-1 13-9 17-5 21-3 Douglas Fir-Larch #2 8-9 12-10 16-3 19-10 Douglas Fir-Larch #3 6-8 9-8 12-4 15-0 Hem-Fir SS 8-11 14-1 18-6 23-8 Hem-Fir #1 8-9 13-5 16-10 20-8 Hem-Fir #2 8-4 12-8 16-0 19-7 Hem-Fir #3 6-8 9-8 12-4 15-0 Southern Pine SS 9-4 14-7 19-3 24-7 Southern Pine #1 8-11 14-0 17-9 20-9 Southern Pine #2 8-0 12-0 15-3 18-1 Southern Pine #3 6-2 9-2 11-6 14-0 Spruce-Pine-Fir SS 8-9 13-9 18-1 23-1 Spruce-Pine-Fir #1 8-7 12-10 16-3 19-10 Spruce-Pine-Fir #2 8-7 12-10 16-3 19-10 Spruce-Pine-Fir #3 6-8 9-8 12-4 15-0 19.2 Douglas Fir-Larch SS 8-11 14-0 18-5 23-4 Douglas Fir-Larch #1 8-7 12-6 15-10 19-5 Douglas Fir-Larch #2 8-0 11-9 14-10 18-2 Douglas Fir-Larch #3 6-1 8-10 11-3 13-8 Hem-Fir SS 8-5 13-3 17-5 22-3 Hem-Fir #1 8-3 12-3 15-6 18-11 Hem-Fir #2 7-10 11-7 14-8 17-10 Hem-Fir #3 6-1 8-10 11-3 13-8 Southern Pine SS 8-9 13-9 18-2 23-1 Southern Pine #1 8-5 12-9 16-2 18-11 Southern Pine #2 7-4 11-0 13-11 16-6 Southern Pine #3 5-8 8-4 10-6 12-9 Spruce-Pine-Fir SS 8-3 12-11 17-1 21-8 Spruce-Pine-Fir #1 8-0 11-9 14-10 18-2 Spruce-Pine-Fir #2 8-0 11-9 14-10 18-2 Spruce-Pine-Fir #3 6-1 8-10 11-3 13-8 24 Douglas Fir-Larch SS 8-3 13-0 17-1 20-11 Douglas Fir-Larch #1 7-8 11-2 14-2 17-4 Douglas Fir-Larch #2 7-2 10-6 13-3 16-3 Douglas Fir-Larch #3 5-5 7-11 10-0 12-3 Hem-Fir SS 7-10 12-3 16-2 20-6 Hem-Fir #1 7-6 10-11 13-10 16-11 Hem-Fir #2 7-1 10-4 13-1 16-0 Hem-Fir #3 5-5 7-11 10-0 12-3 Southern Pine SS 8-1 12-9 16-10 21-6 Southern Pine #1 7-8 11-5 14-6 16-11 Southern Pine #2 6-7 9-10 12-6 14-9 Southern Pine #3 5-1 7-5 9-5 11-5 Spruce-Pine-Fir SS 7-8 12-0 15-10 19-5 Spruce-Pine-Fir #1 7-2 10-6 13-3 16-3 Spruce-Pine-Fir #2 7-2 10-6 13-3 16-3 Spruce-Pine-Fir #3 5-5 7-11 10-0 12-3 Check sources for availability of lumber in lengths greater than 20 feet.For SI: 1 inch = 25.4 mm, 1 foot = 304.8 mm, 1 pound per square foot = 0.0479 kPa. Span exceeds 26 feet in length."
2308.11.2,Section 2308 Conventional Light-Frame Construction,Rafter Spans,,,,structural_design,structural_engineer,"Spans for rafters shall be in accordance with Table 2308.11.2(1), 2308.11.2(2), 2308.11.2(3), 2308.11.2(4), 2308.11.2(5) or 2308.11.2(6). For other grades and species and other loading conditions, refer to the AWC STJR. The span of each rafter shall be measured along the horizontal projection of the rafter.TABLE 2308.11.2(1)—RAFTER SPANS FOR COMMON LUMBER SPECIES (Roof live load = 20 psf, ceiling not attached to rafters, L/Δ = 180)RAFTER SPACING (inches)SPECIES AND GRADEDEAD LOAD = 10 psfDEAD LOAD = 20 psf2 × 42 × 62 × 82 × 102 × 122 × 42 × 62 × 82 × 102 × 12Maximum rafter spansa(ft. - in.)(ft. - in.)(ft. - in.)(ft. - in.)(ft. - in.)(ft. - in.)(ft. - in.)(ft. - in.)(ft. - in.)(ft. - in.)12Douglas Fir-LarchSS11-618-023-9Note bNote b11-618-023-5Note bNote bDouglas Fir-Larch#111-117-422-5Note bNote b10-615-419-523-9Note bDouglas Fir-Larch#210-1016-721-025-8Note b9-1014-418-222-325-9Douglas Fir-Larch#38-712-615-1019-522-67-510-1013-916-919-6Hem-FirSS10-1017-022-5Note bNote b10-1017-022-5Note bNote bHem-Fir#110 -716-821-10Note bNote b10-314-1118-1123-2Note bHem-Fir#210-115-1120-825-3Note b9-814-217-1121-1125-5Hem-Fir#38-712-615-1019-522-67-510-1013-916-919-6Southern PineSS11-317-823-4Note bNote b11-317-823-4Note bNote bSouthern Pine#110-1017-022-526-026-010-615-819-1023-2Note bSouthern Pine#210-415-719-823-526-09-013-617-120-323-10Southern Pine#38-011-914-1018-021-46-1110-212-1015-718-6Spruce-Pine-FirSS10-716-821-11Note bNote b10-716-821-9Note bNote bSpruce-Pine-Fir#110-416-321-025-8Note b9-1014-418-222-325-9Spruce-Pine-Fir#210-416-321-025-8Note b9-1014-418-222-325-9Spruce-Pine-Fir#38-712-615-1019-522-67-510-1013-916-919-616Douglas Fir-LarchSS10-516-421-7Note bNote b10-516-020-324-9Note bDouglas Fir-Larch#110-015-419-523-9Note b9-113-316-1020-723-10Douglas Fir-Larch#29-1014-418-222-325-98-612-515-919-322-4Douglas Fir-Larch#37-510-1013-916-919-66-59-511-1114-616-10Hem-FirSS9-1015-620-5Note bNote b9-1015-619-1124-4Note bHem-Fir#19-814-1118-1123-2Note b8-1012-1116-520-023-3Hem-Fir#29-214-217-1121-1125-58-512-315-618-1122-0Hem-Fir#37-510-1013-916-919-66-59-511-1114-616-10Southern PineSS10-316-121-2Note bNote b10-316-121-225-7Note bSouthern Pine#19-1015-619-1023-226-09-113-717-220-123-10Southern Pine#29-013-617-120-323-107-911-814-917-620-8Southern Pine#36-1110-212-1015-718-66-08-1011-213-616-0Spruce-Pine-FirSS9-815-219-1125-5Note b9-814-1018-1023-0Note bSpruce-Pine-Fir#19-514-418-222-325-98-612-515-919-322-4Spruce-Pine-Fir#29-514-418-222-325-98-612-515-919-322-4Spruce-Pine-Fir#37-510-1013-916-919-66-59-511-1114-616-1019.2Douglas Fir-LarchSS9-1015-520-425-11Note b9-1014-718-622-7Note bDouglas Fir-Larch#19-514-017-921-825-28-412-215-418-921-9Douglas Fir-Larch#28-1113-116-720-323-67-911-414-417-720-4Douglas Fir-Larch#36-99-1112-715-417-95-108-710-1013-315-5Hem-FirSS9-314-719-224-6Note b9-314-418-222-325-9Hem-Fir#19-113-817-421-124-68-111-1015-018-421-3Hem-Fir#28-812-1116-420-023-27-811-214-217-420-1Hem-Fir#36-99-1112-715-417-95-108-710-1013-315-5Southern PineSS9-815-219-1125-5Note b9-815-219-723-4Note bSouthern Pine#19-314-318-121-225-28-412-415-818-421-9Southern Pine#28-212-315-718-621-97-110-813-616-018-10Southern Pine#36-49-411-914-316-105-68-110-212-414-7Spruce-Pine-FirSS9-114-318-923-11Note b9-113-717-221-024-4Spruce-Pine-Fir#18-1013-116-720-323-67-911-414-417-720-4Spruce-Pine-Fir#28-1013-116-720-323-67-911-414-417-720-4Spruce-Pine-Fir#36-99-1112-715-417-95-108-710-1013-315-524Douglas Fir-LarchSS9-114-418-1023-4Note b8-1113-116-720-323-5Douglas Fir-Larch#18-712-615-1019-522-67-510-1013-916-919-6Douglas Fir-Larch#28-011-914-1018-221-06-1110-212-1015-818-3Douglas Fir-Larch#36-18-1011-313-815-115-37-89-911-1013-9Hem-FirSS8-713-617-1022-9Note b8-712-1016-319-1023-0Hem-Fir#18-412-315-618-1121-117-310-713-516-419-0Hem-Fir#27-1111-714-817-1020-96-1010-012-815-617-11Hem-Fir#36-18-1011-313-815-115-37-89-911-1013-9Southern PineSS8-1114-118-623-8Note b8-1113-1017-620-1024-8Southern Pine#18-712-916-218-1122-67-511-114-016-519-6Southern Pine#27-411-013-1116-619-66-49-612-114-416-10Southern Pine#35-88-410-612-915-14-117-39-111-013-1Spruce-Pine-FirSS8-513-317-521-825-28-412-215-418-921-9Spruce-Pine-Fir#18-011-914-1018-221-06-1110-212-1015-818-3Spruce-Pine-Fir#28-011-914-1018-221-06-1110-212-1015-818-3Spruce-Pine-Fir#36-18-1011-313-815-115-37-89-911-1013-9Check sources for availability of lumber in lengths greater than 20 feet.For SI: 1 inch = 25.4 mm, 1 foot = 304.8 mm, 1 pound per square foot = 0.0479 kPa.The tabulated rafter spans assume that ceiling joists are located at the bottom of the attic space or that some other method of resisting the outward push of the rafters on the bearing walls, such as rafter ties, is provided at that location. Where ceiling joists or rafter ties are located higher in the attic space, the rafter spans shall be multiplied by the adjustment factors in Table 2308.11.2(7).Span exceeds 26 feet in length.TABLE 2308.11.2(2)—RAFTER SPANS FOR COMMON LUMBER SPECIES (Roof live load = 20 psf, ceiling attached to rafters, L/Δ = 240)RAFTER SPACING (inches)SPECIES AND GRADEDEAD LOAD = 10 psfDEAD LOAD = 20 psf2 × 42 × 62 × 82 × 102 × 122 × 42 × 62 × 82 × 102 × 12Maximum rafter spansa(ft. - in.)(ft. - in.)(ft. - in.)(ft. - in.)(ft. - in.)(ft. - in.)(ft. - in.)(ft. - in.)(ft. - in.)(ft. - in.)12Douglas Fir-LarchSS10-516-421-7Note bNote b10-516-421-7Note bNote bDouglas Fir-Larch#110-015-920-10Note bNote b10-015-419-523-9Note bDouglas Fir-Larch#29-1015-620-525-8Note b9-1014-418-222-325-9Douglas Fir-Larch#38-712-615-1019-522-67-510-1013-916-919-6Hem-FirSS9-1015-620-5Note bNote b9-1015-620-5Note bNote bHem-Fir#19-815-219-1125-5Note b9-814-1118-1123-2Note bHem-Fir#29-214-519-024-3Note b9-214-217-1121-1125-5Hem-Fir#38-712-615-1019-522-67-510-1013-916-919-6Southern PineSS10-316-121-2Note bNote b10-316-121-2Note bNote bSouthern Pine#19-1015-620-526-026-09-1015-619-1023-226-0Southern Pine#29-514-919-623-526-09-013-617-120-323-10Southern Pine#38-011-914-1018-021-46-1110-212-1015-718-6Spruce-Pine-FirSS9-815-219-1125-5Note b9-815-219-1125-5Note bSpruce-Pine-Fir#19-514-919-624-10Note b9-514-418-222-325-9Spruce-Pine-Fir#29-514-919-624-10Note b9-514-418-222-325-9Spruce-Pine-Fir#38-712-615-1019-522-67-510-1013-916-919-616Douglas Fir-LarchSS9-614-1119-725-0Note b9-614-1119-724-9Note bDouglas Fir-Larch#19-114-418-1123-9Note b9-113-316-1020-723-10Douglas Fir-Larch#28-1114-118-222-325-98-612-515-919-322-4Douglas Fir-Larch#37-510-1013-916-919-66-59-511-1114-616-10Hem-FirSS8-1114-118-623-8Note b8-1114-118-623-8Note bHem-Fir#18-913-918-123-1Note b8-912-1116-520-023-3Hem-Fir#28-413-117-321-1125-58-412-315-618-1122-0Hem-Fir#37-510-1013-916-919-66-59-511-1114-616-10Southern PineSS9-414-719-324-7Note b9-414-719-324-7Note bSouthern Pine#18-1114-118-623-226-08-1113-717-220-123-10Southern Pine#28-713-517-120-323-107-911-814-917-620-8Southern Pine#36-1110-212-1015-718-66-08-1011-213-616-0Spruce-Pine-FirSS8-913-918-123-1Note b8-913-918-123-0Note bSpruce-Pine-Fir#18-713-517-922-325-98-612-515-919-322-4Spruce-Pine-Fir#28-713-517-922-325-98-612-515-919-322-4Spruce-Pine-Fir#37-510-1013-916-919-66-59-511-1114-616-1019.2Douglas Fir-LarchSS8-1114-018-523-7Note b8-1114-018-522-7Note bDouglas Fir-Larch#18-713-617-921-825-28-412-215-418-921-9Douglas Fir-Larch#28-513-116-720-323-67-911-414-417-720-4Douglas Fir-Larch#36-99-1112-715-417-95-108-710-1013-315-5Hem-FirSS8-513-317-522-3Note b8-513-317-522-325-9Hem-Fir#18-312-1117-121-124-68-111-1015-018-421-3Hem-Fir#27-1012-416-320-023-27-811-214-217-420-1Hem-Fir#36-99-1112-715-417-95-108-710-1013-315-5Southern PineSS8-913-918-223-1Note b8-913-918-223-1Note bSouthern Pine#18-513-317-521-225-28-412-415-818-421-9Southern Pine#28-112-315-718-621-97-110-813-616-018-10Southern Pine#36-49-411-914-316-105-68-110-212-414-7Spruce-Pine-FirSS8-312-1117-121-9Note b8-312-1117-121-024-4Spruce-Pine-Fir#18-112-816-720-323-67-911-414-417-720-4Spruce-Pine-Fir#28-112-816-720-323-67-911-414-417-720-4Spruce-Pine-Fir#36-99-1112-715-417-95-108-710-1013-315-524Douglas Fir-LarchSS8-313-017-221-10Note b8-313-016-720-323-5Douglas Fir-Larch#18-012-615-1019-522-67-510-1013-916-919-6Douglas Fir-Larch#27-1011-914-1018-221-06-1110-212-1015-818-3Douglas Fir-Larch#36-18-1011-313-815-115-37-89-911-1013-9Hem-FirSS7-1012-316-220-825-17-1012-316-219-1023-0Hem-Fir#17-812-015-618-1121-117-310-713-516-419-0Hem-Fir#27-311-514-817-1020-96-1010-012-815-617-11Hem-Fir#36-18-1011-313-815-115-37-89-911-1013-9Southern PineSS8-112-916-1021-6Note b8-112-916-1020-1024-8Southern Pine#17-1012-316-218-1122-67-511-114-016-519-6Southern Pine#27-411-013-1116-619-66-49-612-114-416-10Southern Pine#35-88-410-612-915-14-117-39-111-013-1Spruce-Pine-FirSS7-812-015-1020-224-77-812-015-418-921-9Spruce-Pine-Fir#17-611-914-1018-221-06-1110-212-1015-818-3Spruce-Pine-Fir#27-611-914-1018-221-06-1110-212-1015-818-3Spruce-Pine-Fir#36-18-1011-313-815-115-37-89-911-1013-9Check sources for availability of lumber in lengths greater than 20 feet.For SI: 1 inch = 25.4 mm, 1 foot = 304.8 mm, 1 pound per square foot = 0.0479 kPa.The tabulated rafter spans assume that ceiling joists are located at the bottom of the attic space or that some other method of resisting the outward push of the rafters on the bearing walls, such as rafter ties, is provided at that location. Where ceiling joists or rafter ties are located higher in the attic space, the rafter spans shall be multiplied by the adjustment factors in Table 2308.11.2(7).Span exceeds 26 feet in length.TABLE 2308.11.2(3)—RAFTER SPANS FOR COMMON LUMBER SPECIES (Allowable stress design ground snow load, pg(asd)= 30 psf, ceiling not attached to rafters, L/Δ = 180)RAFTER SPACING (inches)SPECIES AND GRADEDEAD LOAD = 10 psfDEAD LOAD = 20 psf2 × 42 × 62 × 82 × 102 × 122 × 42 × 62 × 82 × 102 × 12Maximum rafter spansa(ft. - in.)(ft. - in.)(ft. - in.)(ft. - in.)(ft. - in.)(ft. - in.)(ft. - in.)(ft. - in.)(ft. - in.)(ft. - in.)12Douglas Fir-LarchSS10-015-920-9Note bNote b10-015-920-124-6Note bDouglas Fir-Larch#19-814-918-822-9Note b9-013-216-820-423-7Douglas Fir-Larch#29-513-917-521-424-88-512-415-719-122-1Douglas Fir-Larch#37-110-513-216-118-86-49-411-914-516-8Hem-FirSS9-614-1019-725-0Note b9-614-1019-724-1Note bHem-Fir#19-314-418-222-225-98-912-1016-319-1023-0Hem-Fir#28-1013-717-221-024-48-412-215-418-921-9Hem-Fir#37-110-513-216-118-86-49-411-914-516-8Southern PineSS9-1015-620-5Note bNote b9-1015-620-525-4Note bSouthern Pine#19-614-1019-022-326-09-013-517-019-1123-7Southern Pine#28-712-1116-419-522-107-811-714-817-420-5Southern Pine#36-79-912-415-017-95-118-911-013-515-10Spruce-Pine-FirSS9-314-719-224-6Note b9-314-718-822-9Note bSpruce-Pine-Fir#19-113-917-521-424-88-512-415-719-122-1Spruce-Pine-Fir#29-113-917-521-424-88-512-415-719-122-1Spruce-Pine-Fir#37-110-513-216-118-86-49-411-914-516-816Douglas Fir-LarchSS9-114-418-1023-9Note b9-113-917-521-324-8Douglas Fir-Larch#18-912-916-219-922-107-1011-514-517-820-5Douglas Fir-Larch#28-211-1115-118-521-57-310-813-616-619-2Douglas Fir-Larch#36-29-011-513-1116-25-68-110-312-614-6Hem-FirSS8-713-617-1022-9Note b8-713-617-120-1024-2Hem-Fir#18-512-515-919-322-37-711-114-117-219-11Hem-Fir#28-011-914-1118-221-17-210-613-416-318-10Hem-Fir#36-29-011-513-1116-25-68-110-312-614-6Southern PineSS8-1114-118-623-8Note b8-1114-118-521-1125-11Southern Pine#18-713-016-619-322-107-1011-714-917-320-5Southern Pine#27-611-214-216-1019-106-810-012-815-117-9Southern Pine#35-98-610-813-015-45-27-79-711-713-9Spruce-Pine-FirSS8-513-317-522-125-78-512-916-219-922-10Spruce-Pine-Fir#18-211-1115-118-521-57-310-813-616-619-2Spruce-Pine-Fir#28-211-1115-118-521-57-310-813-616-619-2Spruce-Pine-Fir#36-29-011-513-1116-25-68-110-312-614-619.2Douglas Fir-LarchSS8-713-617-921-825-28-712-615-1019-522-6Douglas Fir-Larch#17-1111-814-918-020-117-110-513-216-118-8Douglas Fir-Larch#27-510-1113-916-1019-66-89-912-415-117-6Douglas Fir-Larch#35-78-310-512-914-95-07-49-411-513-2Hem-FirSS8-112-916-921-424-88-112-415-719-122-1Hem-Fir#17-911-414-417-720-46-1110-212-1015-818-2Hem-Fir#27-410-913-716-719-36-79-712-214-1017-3Hem-Fir#35-78-310-512-914-95-07-49-411-513-2Southern PineSS8-513-317-522-3Note b8-513-316-1020-023-7Southern Pine#18-011-1015-117-720-117-110-713-515-918-8Southern Pine#26-1010-212-1115-418-16-19-211-713-916-2Southern Pine#35-37-99-911-1014-04-86-118-910-712-6Spruce-Pine-FirSS7-1112-516-520-223-47-1111-814-918-020-11Spruce-Pine-Fir#17-510-1113-916-1019-66-89-912-415-117-6Spruce-Pine-Fir#27-510-1113-916-1019-66-89-912-415-117-6Spruce-Pine-Fir#35-78-310-512-914-95-07-49-411-513-224Douglas Fir-LarchSS7-1112-615-1019-522-67-811-314-217-420-1Douglas Fir-Larch#17-110-513-216-118-86-49-411-914-516-8Douglas Fir-Larch#26-89-912-415-117-65-118-811-013-615-7Douglas Fir-Larch#35-07-49-411-513-24-66-78-410-211-10Hem-FirSS7-611-1015-719-122-17-611-013-1117-019-9Hem-Fir#16-1110-212-1015-818-26-29-111-614-016-3Hem-Fir#26-79-712-214-1017-35-108-710-1013-315-5Hem-Fir#35-07-49-411-513-24-66-78-410-211-10Southern PineSS7-1012-316-220-023-77-1011-1015-017-1121-2Southern Pine#17-110-713-515-918-86-49-612-014-116-8Southern Pine#26-19-211-713-916-25-58-210-412-314-6Southern Pine#34-86-118-910-712-64-26-27-109-611-2Spruce-Pine-FirSS7-411-714-918-020-117-110-513-216-118-8Spruce-Pine-Fir#16-89-912-415-117-65-118-811-013-615-7Spruce-Pine-Fir#26-89-912-415-117-65-118-811-013-615-7Spruce-Pine-Fir#35-07-49-411-513-24-66-78-410-211-10Check sources for availability of lumber in lengths greater than 20 feet.For SI: 1 inch = 25.4 mm, 1 foot = 304.8 mm, 1 pound per square foot = 0.0479 kPa.The tabulated rafter spans assume that ceiling joists are located at the bottom of the attic space or that some other method of resisting the outward push of the rafters on the bearing walls, such as rafter ties, is provided at that location. Where ceiling joists or rafter ties are located higher in the attic space, the rafter spans shall be multiplied by the adjustment factors in Table 2308.11.2(7).Span exceeds 26 feet in length.TABLE 2308.11.2(4)—RAFTER SPANS FOR COMMON LUMBER SPECIES (Allowable stress design ground snow load, pg(asd) = 50 psf, ceiling not attached to rafters, L/Δ = 180)RAFTER SPACING (inches)SPECIES AND GRADEDEAD LOAD = 10 psfDEAD LOAD = 20 psf2 × 42 × 62 × 82 × 102 × 122 × 42 × 62 × 82 × 102 × 12Maximum rafter spansa(ft. - in.)(ft. - in.)(ft. - in.)(ft. - in.)(ft. - in.)(ft. - in.)(ft. - in.)(ft. - in.)(ft. - in.)(ft. - in.)12Douglas Fir-LarchSS8-513-317-622-426-08-513-317-020-924-0Douglas Fir-larch#18-212-015-318-721-77-711-214-117-320-0Douglas Fir-larch#27-811-314-317-520-27-110-513-216-118-8Douglas Fir-larch#35-108-610-913-215-35-57-1010-012-214-1Hem-FirSS8-012-616-621-125-68-012-616-620-423-7Hem-Fir#17-1011-914-1018-121-07-510-1013-916-919-5Hem-Fir#27-511-114-017-219-117-010-313-015-1018-5Hem-Fir#35-108-610-913-215-35-57-1010-012-214-1Southern PineSS8-413-117-221-11Note b8-413-117-221-525-3Southern Pine#18-012-315-618-221-77-711-414-516-1020-0Southern Pine#27-010-613-415-1018-86-69-912-414-817-3Southern Pine#35-58-010-112-314-65-07-59-411-413-5Spruce-Pine-FirSS7-1012-316-220-824-17-1012-315-919-322-4Spruce-Pine-Fir#17-811-314-317-520-27-110-513-216-118-8Spruce-Pine-Fir#27-811-314-317-520-27-110-513-216-118-8Spruce-Pine-Fir#35-108-610-913-215-35-57-1010-012-214-116Douglas Fir-LarchSS7-812-115-1019-522-67-811-714-817-1120-10Douglas Fir-Larch#17-110-513-216-118-86-79-812-214-1117-3Douglas Fir-Larch#26-89-912-415-117-66-29-011-513-1116-2Douglas Fir-Larch#35-07-49-411-513-24-86-108-810-612-3Hem-FirSS7-311-515-019-122-17-311-514-517-820-5Hem-Fir#16-1110-212-1015-818-26-59-511-1114-616-10Hem-Fir#26-79-712-214-1017-36-18-1111-313-915-11Hem-Fir#35-07-49-411-513-24-86-108-810-612-3Southern PineSS7-611-1015-719-1123-77-611-1015-718-621-10Southern Pine#17-110-713-515-918-86-79-1012-514-717-3Southern Pine#26-19-211-713-916-25-88-510-912-915-0Southern Pine#34-86-118-910-712-64-46-58-19-1011-7Spruce-Pine-FirSS7-111-214-818-020-117-110-913-815-1119-4Spruce-Pine-Fir#16-89-912-415-117-66-29-011-513-1116-2Spruce-Pine-Fir#26-89-912-415-117-66-29-011-513-1116-2Spruce-Pine-Fir#35-07-49-411-513-24-86-108-810-612-319.2Douglas Fir-LarchSS7-311-414-617-820-67-310-713-516-519-0Douglas Fir-Larch#16-69-612-014-817-16-08-1011-213-715-9Douglas Fir-Larch#26-18-1111-313-915-115-78-310-512-914-9Douglas Fir-Larch#34-76-98-610-512-14-36-37-119-711-2Hem-FirSS6-1010-914-217-520-26-1010-513-216-118-8Hem-Fir#16-49-311-914-416-75-108-710-1013-315-5Hem-Fir#26-08-911-113-715-95-78-110-312-714-7Hem-Fir#34-76-98-610-512-14-36-37-119-711-2Southern PineSS7-111-214-818-321-77-111-214-216-1120-0Southern Pine#16-69-812-314-417-16-09-011-413-415-9Southern Pine#25-78-410-712-614-95-27-99-911-713-8Southern Pine#34-36-48-09-811-54-05-107-48-1110-7Spruce-Pine-FirSS6-810-613-516-519-16-89-1012-515-317-8Spruce-Pine-Fir#16-18-1111-313-915-115-78-310-512-914-9Spruce-Pine-Fir#26-18-1111-313-915-115-78-310-512-914-9Spruce-Pine-Fir#34-76-98-610-512-14-36-37-119-711-224Douglas Fir-LarchSS6-810-313-015-1018-46-69-612-014-817-0Douglas Fir-Larch#15-108-610-913-215-35-57-1010-012-214-1Douglas Fir-Larch#25-57-1110-112-414-35-07-49-411-513-2Douglas Fir-Larch#34-16-07-79-410-93-105-77-18-710-0Hem-FirSS6-49-1112-915-718-06-49-411-914-516-8Hem-Fir#15-88-310-612-1014-105-37-89-911-1013-9Hem-Fir#25-47-109-1112-114-14-117-39-211-313-0Hem-Fir#34-16-07-79-410-93-105-77-18-710-0Southern PineSS6-710-413-816-419-36-710-012-815-217-10Southern Pine#15-108-811-012-1015-35-58-010-211-1114-1Southern Pine#25-07-59-511-313-24-76-118-910-512-3Southern Pine#33-105-87-18-810-33-65-36-78-09-6Spruce-Pine-FirSS6-29-612-014-817-16-08-1011-213-715-9Spruce-Pine-Fir#15-57-1110-112-414-35-07-49-411-513-2Spruce-Pine-Fir#25-57-1110-112-414-35-07-49-411-513-2Spruce-Pine-Fir#34-16-07-79-410-93-105-77-18-710-0Check sources for availability of lumber in lengths greater than 20 feet.For SI: 1 inch = 25.4 mm, 1 foot = 304.8 mm, 1 pound per square foot = 0.0479 kPa.The tabulated rafter spans assume that ceiling joists are located at the bottom of the attic space or that some other method of resisting the outward push of the rafters on the bearing walls, such as rafter ties, is provided at that location. Where ceiling joists or rafter ties are located higher in the attic space, the rafter spans shall be multiplied by the adjustment factors in Table 2308.11.2(7).Span exceeds 26 feet in length.TABLE 2308.11.2(5)—RAFTER SPANS FOR COMMON LUMBER SPECIES (Allowable stress design ground snow load, pg(asd) = 30 psf, ceiling attached to rafters, L/Δ = 240)RAFTER SPACING (inches)SPECIES AND GRADEDEAD LOAD = 10 psfDEAD LOAD = 20 psf2 × 42 × 62 × 82 × 102 × 122 × 42 × 62 × 82 × 102 × 12Maximum rafter spansa(ft. - in.)(ft. - in.)(ft. - in.)(ft. - in.)(ft. - in.)(ft. - in.)(ft. - in.)(ft. - in.)(ft. - in.)(ft. - in.)12Douglas Fir-LarchSS9-114-418-1024-1Note b9-114-418-1024-1Note bDouglas Fir-Larch#18-913-918-222-9Note b8-913-216-820-423-7Douglas Fir-Larch#28-713-617-521-424-88-512-415-719-122-1Douglas Fir-Larch#37-110-513-216-118-86-49-411-914-516-8Hem-FirSS8-713-617-1022-9Note b8-713-617-1022-9Note bHem-Fir#18-513-317-522-225-98-512-1016-319-1023-0Hem-Fir#28-012-716-721-024-48-012-215-418-921-9Hem-Fir#37-110-513-216-118-86-49-411-914-516-8Southern PineSS8-1114-118-623-8Note b8-1114-118-623-8Note bSouthern Pine#18-713-617-1022-3Note b8-713-517-019-1123-7Southern Pine#28-312-1116-419-522-107-811-714-817-420-5Southern Pine#36-79-912-415-017-95-118-911-013-515-10Spruce-Pine-FirSS8-513-317-522-3Note b8-513-317-522-3Note bSpruce-Pine-Fir#18-312-1117-021-424-88-312-415-719-122-1Spruce-Pine-Fir#28-312-1117-021-424-88-312-415-719-122-1Spruce-Pine-Fir#37-110-513-216-118-86-49-411-914-516-816Douglas Fir-LarchSS8-313-017-221-10Note b8-313-017-221-324-8Douglas Fir-Larch#18-012-616-219-922-107-1011-514-517-820-5Douglas Fir-Larch#27-1011-1115-118-521-57-310-813-616-619-2Douglas Fir-Larch#36-29-011-513-1116-25-68-110-312-614-6Hem-FirSS7-1012-316-220-825-17-1012-316-220-824-2Hem-Fir#17-812-015-919-322-37-711-114-117-219-11Hem-Fir#27-311-514-1118-221-17-210-613-416-318-10Hem-Fir#36-29-011-513-1116-25-68-110-312-614-6Southern PineSS8-112-916-1021-6Note b8-112-916-1021-625-11Southern Pine#17-1012-316-219-322-107-1011-714-917-320-5Southern Pine#27-611-214-216-1019-106-810-012-815-117-9Southern Pine#35-98-610-813-015-45-27-79-711-713-9Spruce-Pine-FirSS7-812-015-1020-224-77-812-015-1019-922-10Spruce-Pine-Fir#17-611-915-118-521-57-310-813-616-619-2Spruce-Pine-Fir#27-611-915-118-521-57-310-813-616-619-2Spruce-Pine-Fir#36-29-011-513-1116-25-68-110-312-614-619.2Douglas Fir-LarchSS7-912-316-120-725-07-912-315-1019-522-6Douglas Fir-Larch#17-611-814-918-020-117-110-513-216-118-8Douglas Fir-Larch#27-410-1113-916-1019-66-89-912-415-117-6Douglas Fir-Larch#35-78-310-512-914-95-07-49-411-513-2Hem-FirSS7-411-715-319-523-77-411-715-319-122-1Hem-Fir#17-211-414-417-720-46-1110-212-1015-818-2Hem-Fir#26-1010-913-716-719-36-79-712-214-1017-3Hem-Fir#35-78-310-512-914-95-07-49-411-513-2Southern PineSS7-812-015-1020-224-77-812-015-1020-023-7Southern Pine#17-411-715-117-720-117-110-713-515-918-8Southern Pine#26-1010-212-1115-418-16-19-211-713-916-2Southern Pine#35-37-99-911-1014-04-86-118-910-712-6Spruce-Pine-FirSS7-211-414-1119-023-17-211-414-918-020-11Spruce-Pine-Fir#17-010-1113-916-1019-66-89-912-415-117-6Spruce-Pine-Fir#27-010-1113-916-1019-66-89-912-415-117-6Spruce-Pine-Fir#35-78-310-512-914-95-07-49-411-513-224Douglas Fir-LarchSS7-311-415-019-122-67-311-314-217-420-1Douglas Fir-Larch#17-010-513-216-118-86-49-411-914-516-8Douglas Fir-Larch#26-89-912-415-117-65-118-811-013-615-7Douglas Fir-Larch#35-07-49-411-513-24-66-78-410-211-10Hem-FirSS6-1010-914-218-021-116-1010-913-1117-019-9Hem-Fir#16-810-212-1015-818-26-29-111-614-016-3Hem-Fir#26-49-712-214-1017-35-108-710-1013-315-5Hem-Fir#35-07-49-411-513-24-66-78-410-211-10Southern PineSS7-111-214-818-922-107-111-214-817-1121-2Southern Pine#16-1010-713-515-918-86-49-612-014-116-8Southern Pine#26-19-211-713-916-25-58-210-412-314-6Southern Pine#34-86-118-910-712-64-26-27-109-611-2Spruce-Pine-FirSS6-810-613-1017-820-116-810-513-216-118-8Spruce-Pine-Fir#16-69-912-415-117-65-118-811-013-615-7Spruce-Pine-Fir#26-69-912-415-117-65-118-811-013-615-7Spruce-Pine-Fir#35-07-49-411-513-24-66-78-410-211-10Check sources for availability of lumber in lengths greater than 20 feet.For SI: 1 inch = 25.4 mm, 1 foot = 304.8 mm, 1 pound per square foot = 0.0479 kPa.The tabulated rafter spans assume that ceiling joists are located at the bottom of the attic space or that some other method of resisting the outward push of the rafters on the bearing walls, such as rafter ties, is provided at that location. Where ceiling joists or rafter ties are located higher in the attic space, the rafter spans shall be multiplied by the adjustment factors in Table 2308.11.2(7).Span exceeds 26 feet in length.TABLE 2308.11.2(6)—RAFTER SPANS FOR COMMON LUMBER SPECIES (Allowable stress design ground snow load, pg(asd) = 50 psf, ceiling attached to rafters, L/Δ = 240)RAFTER SPACING (inches)SPECIES AND GRADEDEAD LOAD = 10 psfDEAD LOAD = 20 psf2 × 42 × 62 × 82 × 102 × 122 × 42 × 62 × 82 × 102 × 12Maximum rafter spansa(ft. - in.)(ft. - in.)(ft. - in.)(ft. - in.)(ft. - in.)(ft. - in.)(ft. - in.)(ft. - in.)(ft. - in.)(ft. - in.)12Douglas Fir-LarchSS7-812-115-1120-324-87-812-115-1120-324-0Douglas Fir-Larch#17-511-715-318-721-77-511-214-117-320-0Douglas Fir-Larch#27-311-314-317-520-27-110-513-216-118-8Douglas Fir-Larch#35-108-610-913-215-35-57-1010-012-214-1Hem-FirSS7-311-515-019-223-47-311-515-019-223-4Hem-Fir#17-111-214-818-121-07-110-1013-916-919-5Hem-Fir#26-910-814-017-219-116-910-313-015-1018-5Hem-Fir#35-108-610-913-215-35-57-1010-012-214-1Southern PineSS7-611-1015-719-1124-37-611-1015-719-1124-3Southern Pine#17-311-515-018-221-77-311-414-516-1020-0Southern Pine#26-1110-613-415-1018-86-69-912-414-817-3Southern Pine#35-58-010-112-314-65-07-59-411-413-5Spruce-Pine-FirSS7-111-214-818-922-107-111-214-818-922-4Spruce-Pine-Fir#16-1110-1114-317-520-26-1110-513-216-118-8Spruce-Pine-Fir#26-1110-1114-317-520-26-1110-513-216-118-8Spruce-Pine-Fir#35-108-610-913-215-35-57-1010-012-214-116Douglas Fir-LarchSS7-011-014-518-522-57-011-014-517-1120-10Douglas Fir-Larch#16-910-513-216-118-86-79-812-214-1117-3Douglas Fir-Larch#26-79-912-415-117-66-29-011-513-1116-2Douglas Fir-Larch#35-07-49-411-513-24-86-108-810-612-3Hem-FirSS6-710-413-817-521-26-710-413-817-520-5Hem-Fir#16-510-212-1015-818-26-59-511-1114-616-10Hem-Fir#26-29-712-214-1017-36-18-1111-313-915-11Hem-Fir#35-07-49-411-513-24-86-108-810-612-3Southern PineSS6-1010-914-218-122-06-1010-914-218-121-10Southern Pine#16-710-413-515-918-86-79-1012-514-717-3Southern Pine#26-19-211-713-916-25-88-510-912-915-0Southern Pine#34-86-118-910-712-64-46-58-19-1011-7Spruce-Pine-FirSS6-510-213-417-020-96-510-213-416-819-4Spruce-Pine-Fir#16-49-912-415-117-66-29-011-513-1116-2Spruce-Pine-Fir#26-49-912-415-117-66-29-011-513-1116-2Spruce-Pine-Fir#35-07-49-411-513-24-86-108-810-612-319.2Douglas Fir-LarchSS6-710-413-717-420-66-710-413-516-519-0Douglas Fir-Larch#16-49-612-014-817-16-08-1011-213-715-9Douglas Fir-Larch#26-18-1111-313-915-115-78-310-512-914-9Douglas Fir-Larch#34-76-98-610-512-14-36-37-119-711-2Hem-FirSS6-29-912-1016-519-116-29-912-1016-118-8Hem-Fir#16-19-311-914-416-75-108-710-1013-315-5Hem-Fir#25-98-911-113-715-95-78-110-312-714-7Hem-Fir#34-76-98-610-512-14-36-37-119-711-2Southern PineSS6-510-213-417-020-96-510-213-416-1120-0Southern Pine#16-29-812-314-417-16-09-011-413-415-9Southern Pine#25-78-410-712-614-95-27-99-911-713-8Southern Pine#34-36-48-09-811-54-05-107-48-1110-7Spruce-Pine-FirSS6-19-612-716-019-16-19-612-515-317-8Spruce-Pine-Fir#15-118-1111-313-915-115-78-310-512-914-9Spruce-Pine-Fir#25-118-1111-313-915-115-78-310-512-914-9Spruce-Pine-Fir#34-76-98-610-512-14-36-37-119-711-224Douglas Fir-LarchSS6-19-712-715-1018-46-19-612-014-817-0Douglas Fir-Larch#15-108-610-913-215-35-57-1010-012-214-1Douglas Fir-Larch#25-57-1110-112-414-35-07-49-411-513-2Douglas Fir-Larch#34-16-07-79-410-93-105-77-18-710-0Hem-FirSS5-99-111-1115-218-05-99-111-914-515-11Hem-Fir#15-88-310-612-1014-105-37-89-911-1013-9Hem-Fir#25-47-109-1112-114-14-117-39-211-313-0Hem-Fir#34-16-07-79-410-93-105-77-18-710-0Southern PineSS6-09-512-515-1019-36-09-512-515-217-10Southern Pine#15-98-811-012-1015-35-58-010-211-1114-1Southern Pine#25-07-59-511-313-24-76-118-910-512-3Southern Pine#33-105-87-18-810-33-65-36-78-09-6Spruce-Pine-FirSS5-88-1011-814-817-15-88-1011-213-715-9Spruce-Pine-Fir#15-57-1110-112-414-35-07-49-411-513-2Spruce-Pine-Fir#25-57-1110-112-414-35-07-49-411-513-2Spruce-Pine-Fir#34-16-07-79-410-93-105-77-18-710-0Check sources for availability of lumber in lengths greater than 20 feet.For SI: 1 inch = 25.4 mm, 1 foot = 304.8 mm, 1 pound per square foot = 0.0479 kPa.The tabulated rafter spans assume that ceiling joists are located at the bottom of the attic space or that some other method of resisting the outward push of the rafters on the bearing walls, such as rafter ties, is provided at that location. Where ceiling joists or rafter ties are located higher in the attic space, the rafter spans shall be multiplied by the adjustment factors in Table 2308.11.2(7).TABLE 2308.11.2(7)—RAFTER SPAN ADJUSTMENT FACTORHC/HRaRAFTER SPAN ADJUSTMENT FACTOR1/30.671/40.761/50.831/60.901/7.5 or less1.00HC = Height of ceiling joists or rafter ties measured vertically above the top of the rafter support walls; HR = Height of roof ridge measured vertically above the top of the rafter support walls."
2308.11.3,Section 2308 Conventional Light-Frame Construction,Ceiling Joist and Rafter Framing,,,,structural_design,structural_engineer,"Rafters shall be framed directly opposite each other at the ridge. There shall be a ridge board not less than 1-inch (25 mm) nominal thickness at ridges and not less in depth than the cut end of the rafter. At valleys and hips, there shall be a single valley or hip rafter not less than 2-inch (51 mm) nominal thickness and not less in depth than the cut end of the rafter."
2308.11.3.1,Section 2308 Conventional Light-Frame Construction,Ceiling Joist and Rafter Connections,,,,structural_design,structural_engineer,"Ceiling joists and rafters shall be nailed to each other and the assembly shall be nailed to the top wall plate in accordance with Tables 2304.10.2 and 2308.11.4. Ceiling joists shall be continuous or securely joined where they meet over interior partitions and be fastened to adjacent rafters in accordance with Tables 2304.10.2 and 2308.11.3.1 to provide a continuous rafter tie across the building where such joists are parallel to the rafters. Ceiling joists shall have a bearing surface of not less than 11/2 inches (38 mm) on the top plate at each end.Where ceiling joists are not parallel to rafters, an equivalent rafter tie shall be installed in a manner to provide a continuous tie across the building, at a spacing of not more than 4 feet (1219 mm) on center. The connections shall be in accordance with Tables 2308.11.3.1 and 2304.10.2, or connections of equivalent capacities shall be provided. Where ceiling joists or rafter ties are not provided at the top of the rafter support walls, the ridge formed by these rafters shall be supported by a girder conforming to Sections 2308.3 and 2308.4. Rafter ties shall be spaced not more than 4 feet (1219 mm) on center.Rafter tie connections shall be based on the equivalent rafter spacing in Table 2308.11.3.1. Rafter-to-ceiling joist connections and rafter tie connections shall be of sufficient size and number to prevent splitting from nailing.Roof framing member connection to braced wall lines shall be in accordance with Section 2308.10.7.2.TABLE 2308.11.3.1—RAFTER TIE CONNECTIONSiRAFTER SLOPETIE SPACING (inches)LIVE LOAD ONLYgALLOWABLE STRESS DESIGN GROUND SNOW LOAD, pg(asd) (pounds per square foot)30 pounds per square foot50 pounds per square footRoof span (feet)122436122436122436Required number of 16d common (31/2"" x 0.162"") nails per connectiona, b, c, d, e, f, h3:1212358369591316471048126121719.24812510147142124510156121891726327132081624122334481020291224351734514:1212346357471016358369591319.2369471161116244811591371319325101561218917264881522918261326385:121233534636816346357471119.235736959132436947116111632481251014714214861218714211121317:12123343343461633534535819.23453463692435735848113236947105101548591351015815229:12123333333351633433434619.23343453572434534636932357368481248471048126121712:12123333333341633333333519.23333343462433433535732345346369483583695913For SI: 1 inch = 25.4 mm, 1 foot = 304.8 mm, 1 pound per square foot = 47.8 N/m2.10d common (3"" × 0.148"") nails shall be permitted to be substituted for 16d common (31/2"" × 0.162"") nails where the required number of nails is taken as 1.2 times the required number of 16d common nails, rounded up to the next full nail.Rafter tie heel joint connections are not required where the ridge is supported by a load-bearing wall, header or ridge beam.Where intermediate support of the rafter is provided by vertical struts or purlins to a load-bearing wall, the tabulated heel joint connection requirements are permitted to be reduced proportionally to the reduction in span.Equivalent nailing patterns are required for ceiling joist to ceiling joist lap splices.Connected members shall be of sufficient size to prevent splitting due to nailing.For allowable stress design snow loads less than 30 pounds per square foot, the required number of nails is permitted to be reduced by multiplying by the ratio of actual snow load plus 10 divided by 40, but not less than the number required for no snow load.Applies to roof live load of 20 psf or less.Tabulated heel joint connection requirements assume that ceiling joists or rafter ties are located at the bottom of the attic space. Where ceiling joists or rafter ties are located higher in the attic, heel joint connection requirements shall be increased by the adjustment factors in Table 2308.11.3.1(1).Tabulated requirements are based on 10 psf roof dead load in combination with the specified roof snow load and roof live load.TABLE 2308.11.3.1(1)—HEEL JOINT CONNECTION ADJUSTMENT FACTORSHC/HRa, bHEEL JOINT CONNECTION ADJUSTMENT FACTOR1/31.51/41.331/51.251/61.21/10 or less1.11HC = Height of ceiling joists or rafter ties measured vertically from the top of the rafter support walls to the bottom of the ceiling joists or rafter ties; HR = Height of roof ridge measured vertically from the top of the rafter support walls to the bottom of the roof ridge.Where HC/HR exceeds 1/3, connections shall be designed in accordance with accepted engineering practice."
2308.11.4,Section 2308 Conventional Light-Frame Construction,Wind Uplift,,,,structural_design,structural_engineer,"The roof construction shall have rafter and truss ties to the wall below. Resultant uplift loads shall be transferred to the foundation using a continuous load path. The rafter or truss to wall connection shall comply with Tables 2304.10.2 and 2308.11.4.Exception: The truss to wall connection shall be determined from the uplift forces as specified on the truss design drawings or as shown on the construction documents.TABLE 2308.11.4—REQUIRED RATING OF APPROVED UPLIFT CONNECTORS (pounds)a, b, c, e, f, g, h, dBASIC WIND SPEED, V i, (mph)ROOF SPAN (feet)12202428323640EXPOSURE B90-64-85-96-107-117-128-139100-102-139-158-177-195-214-233110-144-199-226-254-282-310-338120-190-265-302-339-377-414-452130-240-335-382-431-479-528-576140-294-411-470-530-590-650-710EXPOSURE C90-126-175-199-223-247-272-296100-179-250-285-320-356-391-426110-238-332-380-428-476-525-573120-302-424-485-547-608-669-731130-371-521-597-674-751-828-904140-446-628-719-812-904-997-1090EXPOSURE D90-166-232-265-298-311-364-396100-229-321-367-413-459-505-551110-298-418-478-539-601-662-723120-373-526-603-679-756-833-910130-455-641-734-829-924-1020-1114140-544-767-878-992-1106-1220-1333For SI: 1 inch = 25.4 mm, 1 foot = 304.8 mm, 1 mile per hour = 1.61 km/hr, 1 pound = 0.454 Kg, 1 pound/foot = 14.5939 N/m.The uplift connection requirements are based on a 33-foot mean roof height.The uplift connection requirements are based on the framing being spaced 24 inches on center. Multiply by 0.67 for framing spaced 16 inches on center and multiply by 0.5 for framing spaced 12 inches on center.The uplift connection requirements include an allowance for 10 pounds of dead load.The uplift connection requirements include for the effects of 24-inch overhangs.The uplift connection requirements are based on wind loading on end zones as defined in Figure 28.3-1 of ASCE 7. Connection loads for connections located a distance of 20 percent of the least horizontal dimension of the building from the corner of the building are permitted to be reduced by multiplying the table connection value by 0.75.For wall-to-wall and wall-to-foundation connections, the capacity of the uplift connector is permitted to be reduced by 100 pounds for each full wall above. (For example, if a 500-pound rated connector is used on the roof framing, a 400-pound rated connector is permitted at the next floor level down).Interpolation is permitted for intermediate values of V and roof spans.The rated capacity of approved tie-down devices is permitted to include up to a 60-percent increase for wind effects where allowed by material specifications. The required rating of approved uplift connectors is based on allowable stress design loads.V shall be determined in accordance with Section 1609.3."
2308.11.5,Section 2308 Conventional Light-Frame Construction,Framing Around Openings,,,,structural_design,structural_engineer,"Trimmer and header rafters shall be doubled, or of lumber of equivalent cross section, where the span of the header exceeds 4 feet (1219 mm). The ends of header rafters that are more than 6 feet (1829 mm) in length shall be supported by framing anchors or rafter hangers unless bearing on a beam, partition or wall."
2308.11.5.1,Section 2308 Conventional Light-Frame Construction,"Openings in Roof Diaphragms in Seismic Design Categories B, C, D and E",,,,structural_design,structural_engineer,"In buildings classified as Seismic Design Category B, C, D or E. openings in horizontal diaphragms with a dimension that is greater than 4 feet (1219 mm) shall be constructed with metal ties and blocking in accordance with this section and Figure 2308.8.4.1(1). Metal ties shall be not less than 0.058 inch [1.47 mm (16 galvanized gage)] in thickness by 11/2 inches (38 mm) in width and shall have a yield stress not less than 33,000 psi (227 MPa). Blocking shall extend not less than the dimension of the opening in the direction of the tie and blocking. Ties shall be attached to blocking in accordance with the manufacturer's instructions but with not less than eight 16d common nails on each side of the header-joist intersection."
2308.11.6,Section 2308 Conventional Light-Frame Construction,Purlins,,,,structural_design,structural_engineer,"Purlins to support roof loads are permitted to be installed to reduce the span of rafters within allowable limits and shall be supported by struts to bearing walls. The maximum span of 2-inch by 4-inch (51 mm by 102 mm) purlins shall be 4 feet (1219 mm). The maximum span of the 2-inch by 6-inch (51 mm by 152 mm) purlin shall be 6 feet (1829 mm), but the purlin shall not be smaller than the supported rafter. Struts shall be not less than 2-inch by 4-inch (51 mm by 102 mm) members. The unbraced length of struts shall not exceed 8 feet (2438 mm) and the slope of the struts shall be not less than 45 degrees (0.79 rad) from the horizontal."
2308.11.7,Section 2308 Conventional Light-Frame Construction,Blocking,,,,structural_design,structural_engineer,Roof rafters and ceiling joists shall be supported laterally to prevent rotation and lateral displacement in accordance with Section 2308.8.6 and connected to braced wall lines in accordance with Section 2308.10.7.2.
2308.11.8,Section 2308 Conventional Light-Frame Construction,Engineered Wood Products,,,,structural_design,structural_engineer,"Prefabricated wood I-joists, structural glued-laminated timber and structural composite lumber shall not be notched or drilled except where permitted by the manufacturer's recommendations or where the effects of such alterations are specifically considered in the design of the member by a registered design professional."
2308.11.9,Section 2308 Conventional Light-Frame Construction,Roof Sheathing,,,,structural_design,structural_engineer,"Roof sheathing shall be in accordance with Tables 2304.8(3) and 2304.8(5) for wood structural panels, and Tables 2304.8(1) and 2304.8(2) for lumber and shall comply with Section 2304.8.2."
2308.11.10,Section 2308 Conventional Light-Frame Construction,Joints,,,,structural_design,structural_engineer,"Joints in lumber sheathing shall occur over supports unless approved end-matched lumber is used, in which case each piece shall bear on not fewer than two supports."
2308.11.11,Section 2308 Conventional Light-Frame Construction,Roof Planking,,,,structural_design,structural_engineer,"Planking shall be designed in accordance with the general provisions of this code.In lieu of such design, 2-inch (51 mm) tongue-and groove planking is permitted in accordance with Table 2308.11.11. Joints in such planking are permitted to be randomly spaced, provided that the system is applied to not less than three continuous spans, planks are center matched and end matched or splined, each plank bears on one support or more, and joints are separated by not less than 24 inches (610 mm) in adjacent pieces.TABLE 2308.11.11—ALLOWABLE SPANS FOR 2-INCH TONGUE-AND-GROOVE DECKING SPANa (feet) LIVE LOAD (pounds per square foot) DEFLECTION LIMIT BENDING STRESS (f) (pounds per square inch) MODULUS OF ELASTICITY (E) (pounds per square inch) Roofs 4 20 1/2401/360 160 170,000256,000 30 1/2401/360 210 256,000384,000 40 1/2401/360 270 340,000512,000 4.5 20 1/2401/360 200 242,000305,000 30 1/2401/360 270 363,000405,000 40 1/2401/360 350 484,000725,000 5.0 20 1/2401/360 250 332,000500,000 30 1/2401/360 330 495,000742,000 40 1/2401/360 420 660,0001,000,000 5.5 20 1/2401/360 300 442,000660,000 30 1/2401/360 400 662,000998,000 40 1/2401/360 500 884,0001,330,000 6.0 20 1/2401/360 360 575,000862,000 30 1/2401/360 480 862,0001,295,000 40 1/2401/360 600 1,150,0001,730,000 6.5 20 1/2401/360 420 595,000892,000 30 1/2401/360 560 892,0001,340,000 40 1/2401/360 700 1,190,0001,730,000 7.0 20 1/2401/360 490 910,0001,360,000 30 1/2401/360 650 1,370,0002,000,000 40 1/2401/360 810 1,820,0002,725,000 7.5 20 1/2401/360 560 1,125,0001,685,000 30 1/2401/360 750 1,685,0002,530,000 40 1/2401/360 930 2,250,0003,380,000 8.0 20 1/2401/360 640 1,360,0002,040,000 30 1/2401/360 850 2,040,0003,060,000 Floors 44.55.0 40 1/360 8409501,060 1,000,0001,300,0001,600,000 For SI: 1 inch = 25.4 mm, 1 foot = 304.8 mm, 1 pound per square foot = 0.0479 kN/m2, 1 pound per square inch = 0.00689 N/mm2.Spans are based on simple beam action with 10 pounds per square foot dead load and provisions for a 300-pound concentrated load on a 12-inch width of decking. Random layup is permitted in accordance with the provisions of Section 2308.11.11. Lumber thickness is 11/2 inches nominal."
2308.11.12,Section 2308 Conventional Light-Frame Construction,Wood Trusses,,,,structural_design,structural_engineer,Wood trusses shall be designed in accordance with Section 2303.4. Connection to braced wall lines shall be in accordance with Section 2308.10.7.2.
2308.11.13,Section 2308 Conventional Light-Frame Construction,Attic Ventilation,,,,structural_design,structural_engineer,"For attic ventilation, see Section 1202.2.1."
2309.1,Section 2309 Wood Frame Construction Manual,Wood Frame Construction Manual,,,,structural_design,structural_engineer,Structural design in accordance with the AWC WFCM shall be permitted for buildings assigned to Risk Category I or II subject to the limitations of Section 1.1.3 of the AWC WFCM and the load assumptions contained therein. Structural elements beyond these limitations shall be designed in accordance with accepted engineering practice.
