id,section,title,ifc_type,occupancy,design_phase,code_category,primary_responsibility,body
4,,Gas Piping Installations,,,,,,"User note:About this chapter: Chapter 4 addresses all aspects of fuel gas piping including the allowed materials, design and sizing, piping support, pressure requirements, controls, connections to appliances, installation requirements, purging and testing. Also addressed are motor vehicle fuel dispensing systems. The overarching intent is to prevent gas leakage, overpressures and underpressures and prevent accidents."
401.1,Section 401 (IFGC) General,Scope,,,,,,"This chapter shall govern the design, installation, modification and maintenance of piping systems. The applicability of this code to piping systems extends from the point of delivery to the connections with the appliances and includes the design, materials, components, fabrication, assembly, installation, testing, inspection, operation and maintenance of such piping systems."
401.1.1,Section 401 (IFGC) General,Utility Piping Systems Located Within Buildings,,,,,,Utility service piping located within buildings shall be installed in accordance with the structural safety and fire protection provisions of the International Building Code.
401.2,Section 401 (IFGC) General,Liquefied Petroleum Gas Storage,,,,,,The storage system for liquefied petroleum gas shall be designed and installed in accordance with the International Fire Code and NFPA 58.
401.3,Section 401 (IFGC) General,Modifications to Existing Systems,,,,,,"In modifying or adding to existing piping systems, sizes shall be maintained in accordance with this chapter."
401.4,Section 401 (IFGC) General,Additional Appliances,,,,,,"Where an additional appliance is to be served, the existing piping shall be checked to determine if it has adequate capacity for all appliances served. If inadequate, the existing system shall be enlarged as required or separate piping of adequate capacity shall be provided."
401.5,Section 401 (IFGC) General,Identification,,,,,,"For other than steel pipe and CSST, exposed piping shall be identified by a yellow label marked ""Gas"" in black letters. The marking shall be spaced at intervals not exceeding 5 feet (1524 mm). The marking shall not be required on piping located in the same room as the appliance served. CSST shall be identified as required by ANSI LC 1/CSA 6.26."
401.6,Section 401 (IFGC) General,Interconnections,,,,,,"Where two or more meters are installed on the same premises but supply separate consumers, the piping systems shall not be interconnected on the outlet side of the meters."
401.7,Section 401 (IFGC) General,Piping Meter Identification,,,,,,Piping from multiple meter installations shall be marked with an approved permanent identification by the installer so that the piping system supplied by each meter is readily identifiable.
401.8,Section 401 (IFGC) General,Minimum Sizes,,,,,,"Pipe utilized for the installation, extension and alteration of any piping system shall be sized to supply the full number of outlets for the intended purpose and shall be sized in accordance with Section 402."
401.9,Section 401 (IFGC) General,Identification,,,,,,"Each length of pipe and tubing and each pipe fitting, utilized in a fuel gas system, shall bear the identification of the manufacturer. Exceptions:Steel pipe sections that are 2 feet (610 mm) and less in length and are cut from longer sections of pipe.Steel pipe fittings 2 inches and less in size.Where identification is provided on the product packaging or crating.Where other approved documentation is provided."
401.10,Section 401 (IFGC) General,Piping Materials Standards,,,,,,"Piping, tubing and fittings shall be manufactured to the applicable referenced standards, specifications and performance criteria listed in Section 403 and shall be identified in accordance with Section 401.9."
402.1,Section 402 (IFGS) Pipe Sizing,General Considerations,,,,,,Piping systems shall be of such size and so installed as to provide a supply of gas sufficient to meet the maximum demand and supply gas to each appliance inlet at not less than the minimum supply pressure required by the appliance.
402.2,Section 402 (IFGS) Pipe Sizing,Maximum Gas Demand,,,,,,"The volumetric flow rate of gas to be provided shall be the sum of the maximum input of the appliances served. The total connected hourly load shall be used as the basis for pipe sizing, assuming that all appliances could be operating at full capacity simultaneously. Where a diversity of load can be established, pipe sizing shall be permitted to be based on such loads.The volumetric flow rate of gas to be provided shall be adjusted for altitude where the installation is above 2,000 feet (610 m) in elevation."
402.3,Section 402 (IFGS) Pipe Sizing,Sizing,,,,,,Gas piping shall be sized in accordance with one of the following: Pipe sizing tables or sizing equations in accordance with Section 402.4 or 402.5 as applicable.The sizing tables included in a listed piping system's manufacturer's installation instructions.Engineering methods.
402.4,Section 402 (IFGS) Pipe Sizing,Sizing Tables and Equations,,,,,,"This section applies to piping materials other than noncorrugated stainless steel tubing. Where Tables 402.4(1) through 402.4(37) are used to size piping or tubing, the pipe length shall be determined in accordance with Section 402.4.1, 402.4.2 or 402.4.3.Where Equations 4-1 and 4-2 are used to size piping or tubing, the pipe or tubing shall have smooth inside walls and the pipe length shall be determined in accordance with Section 402.4.1, 402.4.2 or 402.4.3.Low-pressure gas equation [Less than 11/2 pounds per square inch (psi) (10.3 kPa)]:(Equation 4-1)High-pressure gas equation [11/2 psi (10.3 kPa) and above]:(Equation 4-2)where:Cr = Value determined by Table 402.4.D = Inside diameter of pipe, inches (mm).Q = Input rate appliance(s), cubic feet per hour at 60°F (16°C) and 30-inch mercury column.P1 = Upstream pressure, psia (P1 + 14.7).P2 = Downstream pressure, psia (P2 + 14.7).L = Equivalent length of pipe, feet.Y = Value determined by Table 402.4.ΔH = Pressure drop, inch water column (27.7-inch water column = 1 psi).TABLE 402.4Cr AND Y VALUES FOR NATURAL GAS AND UNDILUTED PROPANE AT STANDARD CONDITIONSGASEQUATION FACTORSCrYNatural gas0.60940.9992Undiluted propane1.24620.9910For SI: 1 cubic foot = 0.028 m3, 1 foot = 305 mm, 1-inch water column = 0.2488 kPa, 1 pound per square inch = 6.895 kPa, 1 British thermal unit per hour = 0.293 W.TABLE 402.4(1)SCHEDULE 40 METALLIC PIPEGasNaturalInlet PressureLess than 2 psiPressure Drop0.3 in. w.c.Specific Gravity0.60PIPE SIZE (inch)Nominal1/23/4111/411/2221/2345681012Actual ID0.6220.8241.0491.3801.6102.0672.4693.0684.0265.0476.0657.98110.02011.938Length (ft)Capacity in Cubic Feet of Gas Per Hour101312735141,0601,5803,0504,8608,58017,50031,70051,300105,000191,000303,00020901883537261,0902,0903,3405,90012,00021,80035,30072,400132,000208,00030721512845838731,6802,6804,7409,66017,50028,30058,200106,000167,00040621292434997471,4402,2904,0508,27015,00024,20049,80090,400143,00050551142154426621,2802,0303,5907,33013,30021,50044,10080,100127,00060501041954006001,1601,8403,2606,64012,00019,50040,00072,600115,0007046951793685521,0601,6903,0006,11011,10017,90036,80066,800106,0008042891673435149891,5802,7905,68010,30016,70034,20062,10098,4009040831573224829281,4802,6105,3309,65015,60032,10058,30092,30010038791483044558771,4002,4705,0409,11014,80030,30055,10087,20012533701312694037771,2402,1904,4608,08013,10026,90048,80077,30015030631192443667041,1201,9804,0507,32011,90024,30044,20070,00017528581092243366481,0301,8203,7206,73010,90022,40040,70064,40020026541022093136029601,7003,4606,26010,10020,80037,90059,9002502348901852775348511,5003,0705,5508,99018,50033,50053,1003002143821682514847711,3602,7805,0308,15016,70030,40048,1003501940751542314457091,2502,5604,6307,49015,40028,00044,3004001837701432154146601,1702,3804,3106,97014,30026,00041,2004501735661352023896191,0902,2304,0406,54013,40024,40038,6005001633621271913675851,0302,1103,8206,18012,70023,10036,5005501531591211813495569822,0003,6205,87012,10021,90034,7006001430561151733335309371,9103,4605,60011,50020,90033,1006501429541101653185088971,8303,3105,36011,00020,00031,7007001327521061593064888621,7603,1805,15010,60019,20030,4007501326501021532954708301,6903,0604,96010,20018,50029,300800122648991482854548021,6402,9604,7909,84017,90028,300850122546951432754397761,5802,8604,6409,53017,30027,400900112445931392674267521,5302,7804,5009,24016,80026,600950112344901352594137311,4902,7004,3708,97016,30025,8001,000112343871312524027111,4502,6204,2508,72015,80025,1001,100102140831242403826751,3802,4904,0308,29015,10023,8001,200NA2039791192293646441,3102,3803,8507,91014,40022,7001,300NA2037761142193496171,2602,2803,6807,57013,70021,8001,400NA1935731092103355921,2102,1903,5407,27013,20020,9001,500NA1834701052033235711,1602,1103,4107,01012,70020,1001,600NA1833681021963125511,1202,0303,2906,77012,30019,5001,700NA173266981893025331,0901,9703,1906,55011,90018,8001,800NA163164951842935171,0501,9103,0906,35011,50018,3001,900NA163062931782845021,0201,8503,0006,17011,20017,7002,000NA162960901732764881,0001,8002,9206,00010,90017,200For SI: 1 inch = 25.4 mm, 1 foot = 304.8 mm, 1 pound per square inch = 6.895 kPa, 1-inch water column = 0.2488 kPa, 1 British thermal unit per hour = 0.2931 W, 1 cubic foot per hour = 0.0283 m3/h, 1 degree = 0.01745 rad.Notes:NA means a flow of less than 10 cfh.Table entries have been rounded to three significant digits.TABLE 402.4(2)SCHEDULE 40 METALLIC PIPEGasNaturalInlet PressureLess than 2 psiPressure Drop0.5 in. w.c.Specific Gravity0.60PIPE SIZE (inch)Nominal1/23/4111/411/2221/2345681012Actual ID0.6220.8241.0491.3801.6102.0672.4693.0684.0265.0476.0657.98110.02011.938Length (ft)Capacity in Cubic Feet of Gas Per Hour101723606781,3902,0904,0206,40011,30023,10041,80067,600139,000252,000399,000201182474669571,4302,7604,4007,78015,90028,70046,50095,500173,000275,00030951993747681,1502,2203,5306,25012,70023,00037,30076,700139,000220,00040811703206579851,9003,0205,35010,90019,70031,90065,600119,000189,00050721512845838731,6802,6804,7409,66017,50028,30058,200106,000167,00060651372575287911,5202,4304,2908,76015,80025,60052,70095,700152,00070601262374867281,4002,2303,9508,05014,60023,60048,50088,100139,00080561172204526771,3002,0803,6707,49013,60022,00045,10081,900130,00090521102074246351,2201,9503,4507,03012,70020,60042,30076,900122,000100501041954006001,1601,8403,2606,64012,00019,50040,00072,600115,00012544921733555321,0201,6302,8905,89010,60017,20035,40064,300102,00015040831573224829281,4802,6105,3309,65015,60032,10058,30092,30017537771442964438541,3602,4104,9108,88014,40029,50053,60084,90020034711342754127941,2702,2404,5608,26013,40027,50049,90079,00025030631192443667041,1201,9804,0507,32011,90024,30044,20070,00030027571082213316381,0201,8003,6706,63010,70022,10040,10063,4003502553992033055879351,6503,3706,1009,88020,30036,90058,4004002349921892835468701,5403,1405,6809,19018,90034,30054,3004502246861772665128161,4402,9405,3308,62017,70032,20050,9005002143821682514847711,3602,7805,0308,15016,70030,40048,1005502041781592394597321,2902,6404,7807,74015,90028,90045,7006001939741522284386991,2402,5204,5607,38015,20027,50043,6006501838711452184206691,1802,4104,3607,07014,50026,40041,8007001736681402094036431,1402,3204,1906,79014,00025,30040,1007501735661352023896191,0902,2304,0406,54013,40024,40038,6008001634631301953755981,0602,1603,9006,32013,00023,60037,3008501633611261893635791,0202,0903,7806,11012,60022,80036,1009001532591221833525619922,0203,6605,93012,20022,10035,0009501531581181783425459631,9603,5505,76011,80021,50034,0001,0001430561151733335309371,9103,4605,60011,50020,90033,1001,1001428531091643165038901,8103,2805,32010,90019,80031,4001,2001327511041563014808491,7303,1305,07010,40018,90030,0001,3001226491001502894608131,6603,0004,8609,98018,10028,7001,400122547961442774427811,5902,8804,6709,59017,40027,6001,500112445931392674267521,5302,7804,5009,24016,80026,6001,600112344891342584117271,4802,6804,3408,92016,20025,6001,700112242861302503987031,4302,5904,2008,63015,70024,8001,800102241841262423866821,3902,5204,0708,37015,20024,1001,900102140811222353756621,3502,4403,9608,13014,80023,4002,000NA2039791192293646441,3102,3803,8507,91014,40022,700For SI: 1 inch = 25.4 mm, 1 foot = 304.8 mm, 1 pound per square inch = 6.895 kPa, 1-inch water column = 0.2488 kPa, 1 British thermal unit per hour = 0.2931 W, 1 cubic foot per hour = 0.0283 m3/h, 1 degree = 0.01745 rad.Notes:NA means a flow of less than 10 cfh.Table entries have been rounded to three significant digits.TABLE 402.4(3)SCHEDULE 40 METALLIC PIPEGasNaturalInlet PressureLess than 2 psiPressure Drop3.0 in. w.c.Specific Gravity0.60INTENDED USE: INITIAL SUPPLY PRESSURE OF 8.0-INCH W.C. OR GREATERPIPE SIZE (inch)Nominal1/23/4111/411/2221/234Actual ID0.6220.8241.0491.3801.6102.0672.4693.0684.026Length (ft)Capacity in Cubic Feet of Gas Per Hour104549491,7903,6705,50010,60016,90029,80060,800203126521,2302,5203,7807,28011,60020,50041,800302505249862,0303,0305,8409,31016,50033,600402144488441,7302,6005,0007,97014,10028,700501903977481,5402,3004,4307,07012,50025,500601723606781,3902,0904,0206,40011,30023,100701583316241,2801,9203,7005,89010,40021,200801473085801,1901,7903,4405,4809,69019,800901382895441,1201,6803,2305,1409,09018,5001001312735141,0601,5803,0504,8608,58017,5001251162424569361,4002,7004,3007,61015,5001501052194138481,2702,4503,9006,89014,100175962023807801,1702,2503,5906,34012,900200901883537261,0902,0903,3405,90012,000250801663136439641,8602,9605,23010,700300721512845838731,6802,6804,7409,700350661392615368031,5502,4704,3608,900400621292434997471,4402,2904,0608,300450581212284687011,3502,1503,8007,800500551142154426621,2802,0303,5907,300550521092044206291,2101,9303,4107,000600501041954006001,1601,8403,2606,64065047991873845751,1101,7603,1206,36070046951793685521,0601,7003,0006,11075044921733555321,0201,6302,8905,89080042891673435149891,5802,7905,68085041861623324979571,5302,7005,50090040831573224829281,4802,6205,33095039811523124689011,4402,5405,1801,00038791483044558771,4002,4705,0401,10036751412894328331,3302,3504,7801,20034711342754127941,2702,2404,5601,30033681282643957611,2102,1404,3701,40031651232533797311,1702,0604,2001,50030631192443667041,1201,9804,0501,60029611152363536801,0801,9203,9101,70028591112283426581,0501,8503,7801,80027571082213316381,0201,8003,6701,90027561052153226199871,7503,5602,00026541022093136029601,7003,460For SI: 1 inch = 25.4 mm, 1 foot = 304.8 mm, 1 pound per square inch = 6.895 kPa, 1-inch water column = 0.2488 kPa, 1 British thermal unit per hour = 0.2931 W, 1 cubic foot per hour = 0.0283 m3/h, 1 degree = 0.01745 rad.Note: Table entries have been rounded to three significant digits.TABLE 402.4(4)SCHEDULE 40 METALLIC PIPEGasNaturalInlet PressureLess than 2 psiPressure Drop6.0 in. w.c.Specific Gravity0.60INTENDED USE: INITIAL SUPPLY PRESSURE OF 11.0-INCH W.C. OR GREATERPIPE SIZE (inch)Nominal1/23/4111/411/2221/234Actual ID0.6220.8241.0491.3801.6102.0672.4693.0684.026Length (ft)Capacity in Cubic Feet of Gas Per Hour106601,3802,6005,3408,00015,40024,60043,40088,500204549491,7903,6705,50010,60016,90029,90060,800303647621,4402,9504,4208,50013,60024,00048,900403126521,2302,5203,7807,28011,60020,50041,800502765781,0902,2403,3506,45010,30018,20037,100602505249862,0303,0305,8409,31016,50033,600702304829071,8602,7905,3808,57015,10030,900802144488441,7302,6005,0007,97014,10028,700902014207921,6302,4404,6907,48013,20027,0001001903977481,5402,3004,4307,07012,50025,5001251683526631,3602,0403,9306,26011,10022,6001501533196011,2301,8503,5605,67010,00020,5001751402935531,1401,7003,2805,2209,23018,8002001312735141,0601,5803,0504,8608,58017,5002501162424569361,4002,7004,3007,61015,5003001052194138481,2702,4503,9006,89014,100350962023807801,1702,2503,5906,34012,900400901883537261,0902,0903,3405,90012,000450841763326811,0201,9703,1305,54011,300500801663136439641,8602,9605,23010,700550761582976119151,7602,8104,97010,100600721512845838731,6802,6804,7409,660650691442725588361,6102,5704,5409,250700661392615368031,5502,4704,3608,890750641342525167741,4902,3804,2008,560800621292434997471,4402,2904,0608,270850601252354837231,3902,2203,9208,000900581212284687011,3502,1503,8007,760950561182214546811,3102,0903,7007,5401,000551142154426621,2802,0303,5907,3301,100521092044206291,2101,9303,4106,9601,200501041954006001,1601,8403,2606,6401,30047991873845751,1001,7603,1206,3601,40046951793685521,0601,7003,0006,1101,50044921733555321,0201,6302,8905,8901,60042891673435149891,5802,7905,6801,70041861623324979571,5302,7005,5001,80040831573224829281,4802,6205,3301,90039811523124689011,4402,5405,1802,00038791483044558771,4002,4705,040For SI: 1 inch = 25.4 mm, 1 foot = 304.8 mm, 1 pound per square inch = 6.895 kPa, 1-inch water column = 0.2488 kPa, 1 British thermal unit per hour = 0.2931 W, 1 cubic foot per hour = 0.0283 m3/h, 1 degree = 0.01745 rad.Note: Table entries have been rounded to three significant digits.TABLE 402.4(5)SCHEDULE 40 METALLIC PIPEGasNaturalInlet Pressure2.0 psiPressure Drop1.0 psiSpecific Gravity0.60PIPE SIZE (inch)Nominal1/23/4111/411/2221/234Actual ID0.6220.8241.0491.3801.6102.0672.4693.0684.026Length (ft)Capacity in Cubic Feet of Gas Per Hour101,5103,0405,56011,40017,10032,90052,50092,800189,000201,0702,1503,9308,07012,10023,30037,10065,600134,000308691,7603,2106,5909,88019,00030,30053,600109,000407531,5202,7805,7108,55016,50026,30046,40094,700506731,3602,4905,1107,65014,70023,50041,50084,700606151,2402,2704,6606,98013,50021,40037,90077,300705691,1502,1004,3206,47012,50019,90035,10071,600805321,0801,9704,0406,05011,70018,60032,80067,000905021,0101,8503,8105,70011,00017,50030,90063,1001004629341,7103,5105,26010,10016,10028,50058,2001254148361,5303,1404,7009,06014,40025,50052,1001503727511,3702,8204,2208,13013,00022,90046,7001753446951,2702,6013,9107,53012,00021,20043,3002003186421,1702,4103,6106,96011,10019,60040,0002502795831,0402,1403,2106,1809,85017,40035,5003002535289451,9402,9105,6008,92015,80032,2003502324868691,7902,6705,1508,21014,50029,6004002164528091,6602,4904,7907,64013,50027,5004502034247591,5602,3304,5007,17012,70025,8005001924017171,4702,2104,2506,77012,00024,4005501823816811,4002,0904,0306,43011,40023,2006001743636501,3302,0003,8506,13010,80022,1006501663486221,2801,9103,6805,87010,40021,2007001603345981,2301,8403,5405,6409,97020,3007501543225761,1801,7703,4105,4409,61019,6008001493115561,1401,7103,2905,2509,28018,9008501443015381,1001,6503,1905,0808,98018,3009001392925221,0701,6003,0904,9308,71017,8009501352835071,0401,5603,0004,7808,46017,2001,0001322754931,0101,5202,9204,6508,22016,8001,1001252624689601,4402,7704,4207,81015,9001,2001192504469171,3702,6404,2207,45015,2001,3001142394278781,3202,5304,0407,14014,6001,4001102304118431,2602,4303,8806,86014,0001,5001062213968121,2202,3403,7406,60013,5001,6001022143827841,1802,2603,6106,38013,0001,700992073707591,1402,1903,4906,17012,6001,800962003587361,1002,1203,3905,98012,2001,900931953487151,0702,0603,2905,81011,9002,000911893396951,0402,0103,2005,65011,500For SI: 1 inch = 25.4 mm, 1 foot = 304.8 mm, 1 pound per square inch = 6.895 kPa, 1-inch water column = 0.2488 kPa, 1 British thermal unit per hour = 0.2931 W, 1 cubic foot per hour = 0.0283 m3/h, 1 degree = 0.01745 rad.Note: Table entries have been rounded to three significant digits.TABLE 402.4(6)SCHEDULE 40 METALLIC PIPEGasNaturalInlet Pressure3.0 psiPressure Drop2.0 psiSpecific Gravity0.60PIPE SIZE (inch)Nominal1/23/4111/411/2221/234Actual ID0.6220.8241.0491.3801.6102.0672.4693.0684.026Length (ft)Capacity in Cubic Feet of Gas Per Hour102,3504,9209,27019,00028,50054,90087,500155,000316,000201,6203,3806,37013,10019,60037,70060,100106,000217,000301,3002,7205,11010,50015,70030,30048,30085,400174,000401,1102,3204,3808,99013,50025,90041,30073,100149,000509852,0603,8807,97011,90023,00036,60064,800132,000608921,8703,5207,22010,80020,80033,20058,700120,000708211,7203,2306,6409,95019,20030,50054,000110,000807641,6003,0106,1809,26017,80028,40050,200102,000907171,5002,8205,8008,68016,70026,70047,10096,1001006771,4202,6705,4708,20015,80025,20044,50090,8001256001,2502,3604,8507,27014,00022,30039,50080,5001505441,1402,1404,4006,59012,70020,20035,70072,9001755001,0501,9704,0406,06011,70018,60032,90067,1002004659731,8303,7605,64010,90017,30030,60062,4002504128621,6203,3305,0009,62015,30027,10055,3003003747811,4703,0204,5308,72013,90024,60050,1003503447191,3502,7804,1708,02012,80022,60046,1004003206691,2602,5903,8707,46011,90021,00042,9004503006271,1802,4303,6407,00011,20019,70040,2005002835931,1202,2903,4306,61010,50018,60038,0005502695631,0602,1803,2606,28010,00017,70036,1006002575371,0102,0803,1105,9909,55016,90034,4006502465149691,9902,9805,7409,15016,20033,0007002364949311,9102,8605,5108,79015,50031,7007502284768971,8402,7605,3108,47015,00030,5008002204608661,7802,6605,1308,18014,50029,5008502134458381,7202,5804,9607,91014,00028,5009002064318121,6702,5004,8107,67013,60027,7009502004197891,6202,4304,6707,45013,20026,9001,0001954077671,5802,3604,5507,24012,80026,1001,1001853877291,5002,2404,3206,89012,20024,8001,2001773696951,4302,1404,1206,57011,60023,7001,3001693536661,3702,0503,9406,29011,10022,7001,4001623406401,3101,9703,7906,04010,70021,8001,5001563276161,2701,9003,6505,82010,30021,0001,6001513165951,2201,8303,5305,62010,00020,3001,7001463065761,1801,7703,4105,4409,61019,6001,8001422965581,1501,7203,3105,2709,32019,0001,9001382885421,1101,6703,2105,1209,05018,4002,0001342805271,0801,6203,1204,9808,80018,000For SI: 1 inch = 25.4 mm, 1 foot = 304.8 mm, 1 pound per square inch = 6.895 kPa, 1-inch water column = 0.2488 kPa, 1 British thermal unit per hour = 0.2931 W, 1 cubic foot per hour = 0.0283 m3/h, 1 degree = 0.01745 rad.Note: Table entries have been rounded to three significant digits.TABLE 402.4(7)SCHEDULE 40 METALLIC PIPEGasNaturalInlet Pressure5.0 psiPressure Drop3.5 psiSpecific Gravity0.60PIPE SIZE (inch)Nominal1/23/4111/411/2221/234Actual ID0.6220.8241.0491.3801.6102.0672.4693.0684.026Length (ft)Capacity in Cubic Feet of Gas Per Hour103,1906,43011,80024,20036,20069,700111,000196,000401,000202,2504,5508,32017,10025,60049,30078,600139,000283,000301,8403,7206,79014,00020,90040,30064,200113,000231,000401,5903,2205,88012,10018,10034,90055,60098,200200,000501,4302,8805,26010,80016,20031,20049,70087,900179,000601,3002,6304,8009,86014,80028,50045,40080,200164,000701,2002,4304,4509,13013,70026,40042,00074,300151,000801,1502,3304,2608,54012,80024,70039,30069,500142,000901,0602,1503,9208,05012,10023,20037,00065,500134,0001009791,9803,6207,43011,10021,40034,20060,400123,0001258761,7703,2406,6409,95019,20030,60054,000110,0001507861,5902,9105,9608,94017,20027,40048,50098,9001757281,4702,6905,5208,27015,90025,40044,90091,6002006731,3602,4905,1007,65014,70023,50041,50084,7002505581,1702,2004,5106,76013,00020,80036,70074,9003005061,0601,9904,0906,13011,80018,80033,30067,8003504659731,8303,7605,64010,90017,30030,60062,4004004339051,7103,5005,25010,10016,10028,50058,1004504068491,6003,2904,9209,48015,10026,70054,5005003848021,5103,1004,6508,95014,30025,20051,5005503647621,4402,9504,4208,50013,60024,00048,9006003487271,3702,8104,2108,11012,90022,90046,6006503336961,3102,6904,0307,77012,40021,90044,6007003206691,2602,5903,8807,46011,90021,00042,9007503086441,2102,4903,7307,19011,50020,30041,3008002986221,1702,4103,6106,94011,10019,60039,9008502886021,1302,3303,4906,72010,70018,90038,6009002795841,1002,2603,3806,52010,40018,40037,4009502715671,0702,1903,2906,33010,10017,80036,4001,0002645511,0402,1303,2006,1509,81017,30035,4001,1002505249872,0303,0305,8409,32016,50033,6001,2002395009411,9302,9005,5808,89015,70032,0001,3002294789011,8502,7705,3408,51015,00030,7001,4002204608661,7802,6605,1308,18014,50029,5001,5002124438341,7102,5704,9407,88013,90028,4001,6002054288061,6502,4804,7707,61013,40027,4001,7001984147801,6002,4004,6207,36013,00026,5001,8001924017561,5502,3304,4807,14012,60025,7001,9001863907341,5102,2604,3506,93012,30025,0002,0001813797141,4702,2004,2306,74011,90024,300For SI: 1 inch = 25.4 mm, 1 foot = 304.8 mm, 1 pound per square inch = 6.895 kPa, 1-inch water column = 0.2488 kPa, 1 British thermal unit per hour = 0.2931 W, 1 cubic foot per hour = 0.0283 m3/h, 1 degree = 0.01745 rad.Note: Table entries have been rounded to three significant digits.TABLE 402.4(8)SEMIRIGID COPPER TUBINGGasNaturalInlet PressureLess than 2 psiPressure Drop0.3 in. w.c.Specific Gravity0.60TUBE SIZE (inch)NominalK & L1/43/81/25/83/4111/411/22ACR3/81/25/83/47/811/813/8——Outside0.3750.5000.6250.7500.8751.1251.3751.6252.125Inside0.3050.4020.5270.6520.7450.9951.2451.4811.959Length (ft)Capacity in Cubic Feet of Gas Per Hour102042851482104488061,2702,650201429581021443085548731,82030112347821162474457011,4604010204070992113816001,25050NA173562881873375321,11060NA163256791703064821,00070NA1429527315628144392480NA1327486814526241385990NA13264564136245387806100NA12244360129232366761125NA11223853114206324675150NA10203448103186294612175NANA18314595171270563200NANA17294189159251523250NANA15263778141223464300NANA13233371128202420350NANA12223165118186387400NANA11202861110173360450NANA11192757103162338500NANA1018255497153319550NANANA17245192145303600NANANA16234988139289650NANANA15224784133277700NANANA15214581128266750NANANA14204378123256800NANANA14204275119247850NANANA13194073115239900NANANA13183971111232950NANANA131838691082251,000NANANA121737671052191,100NANANA121635631002081,200NANANA11163460951991,300NANANA11153258911901,400NANANA10143156881831,500NANANANA143054841761,600NANANANA132952821701,700NANANANA132850791641,800NANANANA132749771591,900NANANANA122647741552,000NANANANA12254672151For SI: 1 inch = 25.4 mm, 1 foot = 304.8 mm, 1 pound per square inch = 6.895 kPa, 1-inch water column = 0.2488 kPa, 1 British thermal unit per hour = 0.2931 W, 1 cubic foot per hour = 0.0283 m3/h, 1 degree = 0.01745 rad.Notes:Table capacities are based on Type K copper tubing inside diameter (shown), which has the smallest inside diameter of the copper tubing products.NA means a flow of less than 10 cfh.Table entries have been rounded to three significant digits.TABLE 402.4(9)SEMIRIGID COPPER TUBINGGasNaturalInlet PressureLess than 2 psiPressure Drop0.5 in. w.c.Specific Gravity0.60TUBE SIZE (inch)NominalK & L1/43/81/25/83/4111/411/22ACR3/81/25/83/47/811/813/8——Outside0.3750.5000.6250.7500.8751.1251.3751.6252.125Inside0.3050.4020.5270.6520.7450.9951.2451.4811.959Length (ft)Capacity in Cubic Feet of Gas Per Hour1027551111952765901,0601,6803,490201838771341904067301,1502,400301530611071523265869251,93040132653921312795027911,65050112347821162474457011,46060102142741052244036351,32070NA193968962063715851,22080NA183663901923455441,13090NA173459841803245101,060100NA163256791703064821,000125NA14285070151271427890150NA13264564136245387806175NA12244159125226356742200NA11223955117210331690250NANA203448103186294612300NANA18314494169266554350NANA16284086155245510400NANA15263880144228474450NANA14253575135214445500NANA13233371128202420550NANA13223268122192399600NANA12213064116183381650NANA12202962111175365700NANA11202859107168350750NANA11192757103162338800NANA1018265599156326850NANA1018255396151315900NANANA17245293147306950NANANA172450901432971,000NANANA162349881392891,100NANANA152246841322741,200NANANA152144801262621,300NANANA142042761202511,400NANANA131941731162411,500NANANA131839711112321,600NANANA131838681082241,700NANANA121737661042171,800NANANA121736641012101,900NANANA11163562982042,000NANANA1116346095199For SI: 1 inch = 25.4 mm, 1 foot = 304.8 mm, 1 pound per square inch = 6.895 kPa, 1-inch water column = 0.2488 kPa, 1 British thermal unit per hour = 0.2931 W, 1 cubic foot per hour = 0.0283 m3/h, 1 degree = 0.01745 rad.Notes:Table capacities are based on Type K copper tubing inside diameter (shown), which has the smallest inside diameter of the copper tubing products.NA means a flow of less than 10 cfh.Table entries have been rounded to three significant digits.TABLE 402.4(10)SEMIRIGID COPPER TUBINGGasNaturalInlet PressureLess than 2 psiPressure Drop1.0 in. w.c.Specific Gravity0.60INTENDED USE: SIZING BETWEEN HOUSE LINE REGULATOR AND THE APPLIANCETUBE SIZE (inch)NominalK & L1/43/81/25/83/4111/411/22ACR3/81/25/83/47/811/813/8——Outside0.3750.5000.6250.7500.8751.1251.3751.6252.125Inside0.3050.4020.5270.6520.7450.9951.2451.4811.959Length (ft)Capacity in Cubic Feet of Gas Per Hour1039801622834028591,5502,4405,0802027551111952765901,0601,6803,490302144891562224748531,3502,800401838771341904067301,1502,400501633681191683596471,0202,130601530611071523265869251,93070132857991403005398511,77080132653921312795027911,65090122449861222624717421,550100112347821162474457011,460125NA2041721032193946221,290150NA183765931983575631,170175NA173460851833295181,080200NA163256791703064821,000250NA14285070151271427890300NA13264564136245387806350NA12244159125226356742400NA11223955117210331690450NA10213651110197311647500NANA203448103186294612550NANA19324698177279581600NANA18314494169266554650NANA17304290162255531700NANA16284086155245510750NANA16273983150236491800NANA15263880144228474850NANA15263678140220459900NANA14253575135214445950NANA142434731322074321,000NANA132333711282024201,100NANA132232681221923991,200NANA122130641161833811,300NANA122029621111753651,400NANA112028591071683501,500NANA111927571031623381,600NANA10182655991563261,700NANA10182553961513151,800NANANA172452931473061,900NANANA172450901432972,000NANANA16234988139289For SI: 1 inch = 25.4 mm, 1 foot = 304.8 mm, 1 pound per square inch = 6.895 kPa, 1-inch water column = 0.2488 kPa, 1 British thermal unit per hour = 0.2931 W, 1 cubic foot per hour = 0.0283 m3/h, 1 degree = 0.01745 rad.Notes:Table capacities are based on Type K copper tubing inside diameter (shown), which has the smallest inside diameter of the copper tubing products.NA means a flow of less than 10 cfh.Table entries have been rounded to three significant digits.TABLE 402.4(11)SEMIRIGID COPPER TUBINGGasNaturalInlet PressureLess than 2 psiPressure Drop17.0 in. w.c.Specific Gravity0.60TUBE SIZE (inch)NominalK & L1/43/81/25/83/4111/411/22ACR3/81/25/83/47/811/813/8——Outside0.3750.5000.6250.7500.8751.1251.3751.6252.125Inside0.3050.4020.5270.6520.7450.9951.2451.4811.959Length (ft)Capacity in Cubic Feet of Gas Per Hour101903917961,3901,9704,2207,59012,00024,900201302695479561,3602,9005,2208,23017,100301052164397681,0902,3304,1906,61013,80040901853766579321,9903,5905,65011,80050791643335828261,7703,1805,01010,40060721483025287491,6002,8804,5409,46070661372784866891,4702,6504,1808,70080621272584526411,3702,4603,8908,09090581192434246011,2802,3103,6507,590100551132294005681,2102,1803,4407,170125481002033555031,0801,9403,0506,36015044901843214569741,7502,7705,76017540831692964208961,6102,5405,30020038771572753908341,5002,3704,93025033691402443467391,3302,1004,37030030621262213136701,2101,9003,96035028571162032886161,1101,7503,64040026531081892685731,0301,6303,39045024501021772525389681,5303,1805002347961682385089141,4403,0005502245911592264828681,3702,8506002143871522154608291,3102,7206502041831452064417931,2502,6107001939801401984237621,2002,5007501838771351914087341,1602,4108001837741301843947091,1202,3308501735721261783816861,0802,2509001734701221733706651,0502,1809501633681181683596461,0202,1201,0001632661151633496289912,0601,1001531631091553325979411,9601,2001429601041483165698981,8701,3001428571001423035458601,7901,400132755961362915248261,7201,500132653931312805057961,6601,600122551891272714877681,6001,700122449861232624727441,5501,800112448841192544577211,5001,900112347811152474447001,4602,000112245791122404326811,420For SI: 1 inch = 25.4 mm, 1 foot = 304.8 mm, 1 pound per square inch = 6.895 kPa, 1-inch water column = 0.2488 kPa, 1 British thermal unit per hour = 0.2931 W, 1 cubic foot per hour = 0.0283 m3/h, 1 degree = 0.01745 rad.Notes:Table capacities are based on Type K copper tubing inside diameter (shown), which has the smallest inside diameter of the copper tubing products.Table entries have been rounded to three significant digits.TABLE 402.4(12)SEMIRIGID COPPER TUBINGGasNaturalInlet Pressure2.0 psiPressure Drop1.0 psiSpecific Gravity0.60TUBE SIZE (inch)NominalK & L1/43/81/25/83/4111/411/22ACR3/81/25/83/47/811/813/8——Outside0.3750.5000.6250.7500.8751.1251.3751.6252.125Inside0.3050.4020.5270.6520.7450.9951.2451.4811.959Length (ft)Capacity in Cubic Feet of Gas Per Hour102455061,0301,8002,5505,4509,82015,50032,200201693487081,2401,7603,7506,75010,60022,200301352795689931,4103,0105,4208,55017,800401162394868501,2102,5804,6407,31015,200501032124317541,0702,2804,1106,48013,50060931923916839692,0703,7305,87012,20070861773596288911,9003,4305,40011,30080801643345848291,7703,1905,03010,50090751543145487781,6602,9904,7209,820100711462965187351,5702,8304,4509,280125631292634596511,3902,5003,9508,220150571172384165901,2602,2703,5807,450175521082193835431,1602,0903,2906,850200491002043565051,0801,9403,0606,38025043891813154489561,7202,7105,65030039801642864068661,5602,4605,12035036741502633737971,4302,2604,71040033691402453477411,3302,1004,38045031651312303266961,2501,9704,11050030611242173086571,1801,8703,88055028581182062926241,1201,7703,69060027551121962795951,0701,6903,52065026531081882675701,0301,6203,37070025511031812565489861,5503,24075024491001742475289501,5003,1208002347961682395109171,4503,0108502246931632314938881,4002,9209002244901582244788611,3602,8309502143881532174648361,3202,7401,0002042851492114528131,2802,6701,1001940811422014297721,2202,5401,2001838771351924097371,1602,4201,3001836741291833927051,1102,3201,4001735711241763766781,0702,2301,5001634681201703636531,0302,1401,6001633661161643506309942,0701,7001531641121593396109622,0001,8001530621081543295929331,9401,9001430601051493195759061,8902,0001429591021453105598811,830For SI: 1 inch = 25.4 mm, 1 foot = 304.8 mm, 1 pound per square inch = 6.895 kPa, 1-inch water column = 0.2488 kPa, 1 British thermal unit per hour = 0.2931 W, 1 cubic foot per hour = 0.0283 m3/h, 1 degree = 0.01745 rad.Notes:Table capacities are based on Type K copper tubing inside diameter (shown), which has the smallest inside diameter of the copper tubing products.Table entries have been rounded to three significant digits.TABLE 402.4(13)SEMIRIGID COPPER TUBINGGasNaturalInlet Pressure2.0 psiPressure Drop1.5 psiSpecific Gravity0.60INTENDED USEPipe sizing between point of delivery and the house line regulator. Total load supplied by a single house line regulator not exceeding 150 cubic feet per hour.TUBE SIZE (inch)NominalK & L1/43/81/25/83/4111/411/22ACR3/81/25/83/47/811/813/8——Outside0.3750.5000.6250.7500.8751.1251.3751.6252.125Inside0.3050.4020.5270.6520.7450.9951.2451.4811.959Length (ft)Capacity in Cubic Feet of Gas Per Hour103036251,2702,2203,1506,74012,10019,10039,800202084308741,5302,1704,6308,33013,10027,400301673457021,2301,7403,7206,69010,60022,000401432956011,0501,4903,1805,7309,03018,800501272625329311,3202,8205,0808,00016,700601152374828431,2002,5604,6007,25015,100701062184447761,1002,3504,2306,67013,90080982034137221,0202,1903,9406,21012,90090921903876779612,0503,6905,82012,100100871803666409071,9403,4905,50011,500125771593245678041,7203,0904,88010,200150701442945147291,5602,8004,4209,200175641332704726701,4302,5804,0608,460200601242524406241,3302,4003,7807,870250531102233905531,1802,1303,3506,98030048992023535011,0701,9303,0406,32035044911863254619841,7702,7905,82040041851733024299161,6502,6005,41045039801622834028591,5502,4405,08050036751532683808111,4602,3004,80055035721462543617711,3902,1904,56060033681392433447351,3202,0904,35065032651332323307041,2702,0004,16070030631282233176761,2201,9204,00075029601232153056521,1701,8503,85080028581192082956291,1301,7903,72085027571152012856091,1001,7303,60090027551111952765901,0601,6803,49095026531081892685731,0301,6303,3901,00025521051842615581,0001,5803,3001,10024491001752485309541,5003,1301,2002347951672375059101,4302,9901,3002245911602274848711,3702,8601,4002143881532184658371,3202,7501,5002042851482104488061,2702,6501,6001940821432024327791,2302,5601,7001939791381964197531,1902,4701,8001838771341904067311,1502,4001,9001837741301843947091,1202,3302,0001736721261793836901,0902,270For SI: 1 inch = 25.4 mm, 1 foot = 304.8 mm, 1 pound per square inch = 6.895 kPa, 1-inch water column = 0.2488 kPa, 1 British thermal unit per hour = 0.2931 W, 1 cubic foot per hour = 0.0283 m3/h, 1 degree = 0.01745 rad.Notes:Table capacities are based on Type K copper tubing inside diameter (shown), which has the smallest inside diameter of the copper tubing products.Where this table is used to size the tubing upstream of a line pressure regulator, the pipe or tubing downstream of the line pressure regulator shall be sized using a pressure drop not greater than 1 inch w.c.Table entries have been rounded to three significant digits.TABLE 402.4(14)SEMIRIGID COPPER TUBINGGasNaturalInlet Pressure5.0 psiPressure Drop3.5 psiSpecific Gravity0.60TUBE SIZE (inch)NominalK & L1/43/81/25/83/4111/411/22ACR3/81/25/83/47/811/813/8——Outside0.3750.5000.6250.7500.8751.1251.3751.6252.125Inside0.3050.4020.5270.6520.7450.9951.2451.4811.959Length (ft)Capacity in Cubic Feet of Gas Per Hour105111,0502,1403,7505,32011,40020,40032,20067,100203517241,4702,5803,6507,80014,00022,20046,100302825821,1802,0702,9306,27011,30017,80037,000402414981,0101,7702,5105,3609,66015,20031,700502144418981,5702,2304,7508,56013,50028,100601944008131,4202,0204,3107,75012,20025,500701783687481,3101,8603,9607,13011,20023,400801663426961,2201,7303,6906,64010,50021,800901563216531,1401,6203,4606,2309,82020,4001001473036171,0801,5303,2705,8809,27019,3001251302695479551,3602,9005,2108,22017,1001501182434958661,2302,6204,7207,45015,5001751092244567961,1302,4104,3506,85014,3002001012084247411,0502,2504,0406,37013,300250901853766579321,9903,5805,65011,800300811673405958441,8003,2505,12010,700350751543135477771,6602,9904,7109,810400691432915097221,5402,7804,3809,120450651342734786781,4502,6104,1108,560500621272584516401,3702,4603,8808,090550581212454296081,3002,3403,6907,680600561152344095801,2402,2303,5207,330650531102243925561,1902,1403,3707,020700511062153765341,1402,0503,2406,740750491022073625141,1001,9803,1206,49080048982003504971,0601,9103,0106,27085046951943394811,0301,8502,9106,07090045921883284661,0001,7902,8205,88095043901823194529671,7402,7405,7101,00042871773104409401,6902,6705,5601,10040831692954188931,6102,5305,2801,20038791612813998521,5302,4205,0401,30037761542693828161,4702,3204,8201,40035731482593677841,4102,2204,6301,50034701432493537551,3602,1404,4601,60033681382413417291,3102,0704,3101,70032651332333307051,2702,0004,1701,80031631292263206841,2301,9404,0401,90030621252193116641,2001,8903,9302,00029601222133026461,1601,8303,820For SI: 1 inch = 25.4 mm, 1 foot = 304.8 mm, 1 pound per square inch = 6.895 kPa, 1-inch water column = 0.2488 kPa, 1 British thermal unit per hour = 0.2931 W, 1 cubic foot per hour = 0.0283 m3/h, 1 degree = 0.01745 rad.Notes:Table capacities are based on Type K copper tubing inside diameter (shown), which has the smallest inside diameter of the copper tubing products.Table entries have been rounded to three significant digits.TABLE 402.4(15)CORRUGATED STAINLESS STEEL TUBING (CSST)GasNaturalInlet PressureLess than 2 psiPressure Drop0.5 in. w.c.Specific Gravity0.60TUBE SIZE (EHD)Flow Designation1315181923253031373946486062Length (ft)Capacity in Cubic Feet of Gas Per Hour546631151342252704715468951,0371,7902,0703,6604,14010324482951611923303836397461,2601,4702,6002,93015253566771321572673105246151,0301,2002,1402,40020223158671161372312694565368881,0501,8502,08025192752601041222062404094827939361,6601,8603018254755961121882183744427238561,5201,700401521414783971621883253866257421,3201,470501319374275871441682923475596651,1801,320601217343868801311532673185096081,0801,200701116313663741211412482954715631,0001,110801015293360691131322322774405279401,040901014283257651071252192624154988879831009132630546210111820824939347284393315071020234248789117120532038769176220069182138447182148179277336600661250581619343963741331612473015385913005715173236576795148226275492540For SI: 1 inch = 25.4 mm, 1 foot = 304.8 mm, 1 pound per square inch = 6.895 kPa, 1-inch water column = 0.2488 kPa, 1 British thermal unit per hour = 0.2931 W, 1 cubic foot per hour = 0.0283 m3/h, 1 degree = 0.01745 rad.Notes:Table includes losses for four 90-degree bends and two end fittings. Tubing runs with larger numbers of bends or fittings shall be increased by an equivalent length of tubing to the following equation: L = 1.3n, where L is additional length (feet) of tubing and n is the number of additional fittings or bends.EHD—Equivalent Hydraulic Diameter, which is a measure of the relative hydraulic efficiency between different tubing sizes. The greater the value of EHD, the greater the gas capacity of the tubing.Table entries have been rounded to three significant digits.TABLE 402.4(16)CORRUGATED STAINLESS STEEL TUBING (CSST)GasNaturalInlet PressureLess than 2 psiPressure Drop3.0 in. w.c.Specific Gravity0.60INTENDED USE: INITIAL SUPPLY PRESSURE OF 8.0-INCH W.C. OR GREATERTUBE SIZE (EHD)Flow Designation1315181923253031373946486062Length (ft)Capacity in Cubic Feet of Gas Per Hour51201602773275296491,1801,3702,1402,4234,4305,0108,80010,10010831121972313804628289581,5301,7403,2003,5606,2707,1601567901611893133796737781,2501,4332,5402,9105,1405,8502057781401642733295806721,0901,2492,2002,5304,4605,0702551691251472452955185999781,1231,9602,2704,0004,5403046631151342252704715468951,0291,7902,0703,6604,1404039541001161962344074717788971,5501,8003,1803,590503548891041762103634216988061,3801,6102,8503,21060324482951611923303836397391,2601,4702,6002,93070294176881501783063555936861,1701,3602,4202,72080273871821411672853315556441,0901,2802,2602,54090263667771331572683115246091,0301,2002,1402,400100243463731261492542954985799741,1402,0302,280150192752601041222062404094777939361,6601,86020017234552911061782073554156868121,4401,6102501521404682951591843193736137281,2901,4403001319374275871441682343425596651,1801,320For SI: 1 inch = 25.4 mm, 1 foot = 304.8 mm, 1 pound per square inch = 6.895 kPa, 1-inch water column = 0.2488 kPa, 1 British thermal unit per hour = 0.2931 W, 1 cubic foot per hour = 0.0283 m3/h, 1 degree = 0.01745 rad.Notes:Table includes losses for four 90-degree bends and two end fittings. Tubing runs with larger numbers of bends or fittings shall be increased by an equivalent length of tubing to the following equation: L = 1.3n where L is additional length (feet) of tubing and n is the number of additional fittings or bends.EHD—Equivalent Hydraulic Diameter, which is a measure of the relative hydraulic efficiency between different tubing sizes. The greater the value of EHD, the greater the gas capacity of the tubing.Table entries have been rounded to three significant digits.TABLE 402.4(17)CORRUGATED STAINLESS STEEL TUBING (CSST)GasNaturalInlet PressureLess than 2 psiPressure Drop6.0 in. w.c.Specific Gravity0.60INTENDED USE: INITIAL SUPPLY PRESSURE OF 11.0-INCH W.C. OR GREATERTUBE SIZE (EHD)Flow Designation1315181923253031373946486062Length (ft)Capacity in Cubic Feet of Gas Per Hour51732293894617379111,6901,9503,0003,3756,2807,05012,40014,260101201602773275296491,1801,3702,1402,4234,4305,0108,80010,10015961302272674365329601,1101,7601,9963,6104,1007,2108,26020831121972313804628289581,5301,7403,1203,5606,2707,1602574991762073424147398551,3701,5642,7903,1905,6206,4003067901611893133796737781,2501,4332,5402,9105,1405,8504057781401642733295806721,0901,2492,2002,5304,4605,0705051691251472452955185999781,1231,9602,2704,0004,5406046631151342252704715468951,0291,7902,0703,6604,1407042581061242092504355058309561,6601,9203,3903,8408039541001161962344074717788971,5501,8003,1803,590903751941091852213834447358481,4601,7003,0003,3901003548891041762103634216988061,3801,6102,8503,210150283973851451722943425736641,1301,3202,3402,630200243463731261492542954985799741,1402,0302,280250213057661141342262634475208701,0201,8202,040300192752601041222062404094777939361,6601,860For SI: 1 inch = 25.4 mm, 1 foot = 304.8 mm, 1 pound per square inch = 6.895 kPa, 1-inch water column = 0.2488 kPa, 1 British thermal unit per hour = 0.2931 W, 1 cubic foot per hour = 0.0283 m3/h, 1 degree = 0.01745 rad.Notes:Table includes losses for four 90-degree bends and two end fittings. Tubing runs with larger numbers of bends or fittings shall be increased by an equivalent length of tubing to the following equation: L = 1.3n where L is additional length (feet) of tubing and n is the number of additional fittings or bends.EHD—Equivalent Hydraulic Diameter, which is a measure of the relative hydraulic efficiency between different tubing sizes. The greater the value of EHD, the greater the gas capacity of the tubing.Table entries have been rounded to three significant digits.TABLE 402.4(18)CORRUGATED STAINLESS STEEL TUBING (CSST)GasNaturalInlet Pressure2 psiPressure Drop1.0 psiSpecific Gravity0.60TUBE SIZE (EHD)Flow Designation1315181923253031373946486062Length (ft)Capacity in Cubic Feet of Gas Per Hour102703535877001,1001,3702,5902,9904,5105,0379,60010,70018,60021,600251662203744447098761,6201,8702,8903,2586,0406,78011,90013,700301512003424056508011,4801,7002,6402,9875,5106,20010,90012,500401291722973515676961,2701,4702,3002,6054,7605,3809,44010,900501151542663145106241,1401,3102,0602,3434,2604,8208,4709,72075931242182574205129221,0701,6901,9323,4703,9506,9407,94080891202112494074968921,0301,6401,8743,3603,8206,7307,690100791071892223664457959201,4701,6853,0003,4206,0306,88015064871551823023646467481,2101,3892,4402,8004,9405,62020055751351572633175576451,0501,2122,1102,4304,2904,87025049671211412362844975769411,0901,8902,1803,8504,36030044611101292172604535258629991,7201,9903,5203,9804003852961111892253904537498711,4901,7303,0603,4505003446861001702023484045527831,3301,5502,7403,090For SI: 1 inch = 25.4 mm, 1 foot = 304.8 mm, 1 pound per square inch = 6.895 kPa, 1-inch water column = 0.2488 kPa, 1 British thermal unit per hour = 0.2931 W, 1 cubic foot per hour = 0.0283 m3/h, 1 degree = 0.01745 rad.Notes:Table does not include effect of pressure drop across the line regulator. Where regulator loss exceeds 3/4 psi, DO NOT USE THIS TABLE. Consult with the regulator manufacturer for pressure drops and capacity factors. Pressure drops across a regulator may vary with flow rate.CAUTION: Capacities shown in the table might exceed maximum capacity for a selected regulator. Consult with the regulator or tubing manufacturer for guidance.Table includes losses for four 90-degree bends and two end fittings. Tubing runs with larger numbers of bends or fittings shall be increased by an equivalent length of tubing to the following equation: L = 1.3n where L is additional length (feet) of tubing and n is the number of additional fittings or bends.EHD—Equivalent Hydraulic Diameter, which is a measure of the relative hydraulic efficiency between different tubing sizes. The greater the value of EHD, the greater the gas capacity of the tubing.Table entries have been rounded to three significant digits.TABLE 402.4(19)CORRUGATED STAINLESS STEEL TUBING (CSST)GasNaturalInlet Pressure5.0 psiPressure Drop3.5 psiSpecific Gravity0.60TUBE SIZE (EHD)Flow Designation1315181923253031373946486062Length (ft)Capacity in Cubic Feet of Gas Per Hour105236741,0801,3002,0002,5304,9205,6608,3009,14018,10019,80034,40040,400253224206918271,2901,6203,0803,5405,3105,91111,40012,60022,00025,600302923826327551,1801,4802,8003,2304,8605,42010,40011,50020,10023,400402513295496541,0301,2802,4202,7904,2304,7278,97010,00017,40020,200502232934925869261,1502,1602,4903,7904,2518,0208,93015,60018,100751802384034797639441,7502,0203,1103,5066,5307,32012,80014,800801742303914637409151,6901,9603,0203,4006,3207,09012,40014,3001001542053504156658201,5101,7402,7103,0575,6506,35011,10012,8001501241662873395486721,2301,4202,2202,5214,6005,2009,13010,5002001071432492944785841,0601,2201,9302,1993,9804,5107,9309,090250951282232634305249451,0901,7301,9773,5504,0407,1108,140300861162042403944798609951,5901,8133,2403,6906,5007,430400741001772083434167428581,3801,5812,8003,2105,6506,44050066891591863093736627661,0401,4222,5002,8705,0605,760For SI: 1 inch = 25.4 mm, 1 foot = 304.8 mm, 1 pound per square inch = 6.895 kPa, 1-inch water column = 0.2488 kPa, 1 British thermal unit per hour = 0.2931 W, 1 cubic foot per hour = 0.0283 m3/h, 1 degree = 0.01745 rad.Notes:Table does not include effect of pressure drop across the line regulator. Where regulator loss exceeds 3/4 psi, DO NOT USE THIS TABLE. Consult with the regulator manufacturer for pressure drops and capacity factors. Pressure drops across a regulator may vary with flow rate.CAUTION: Capacities shown in the table might exceed maximum capacity for a selected regulator. Consult with the regulator or tubing manufacturer for guidance.Table includes losses for four 90-degree bends and two end fittings. Tubing runs with larger numbers of bends or fittings shall be increased by an equivalent length of tubing to the following equation: L = 1.3n where L is additional length (feet) of tubing and n is the number of additional fittings or bends.EHD—Equivalent Hydraulic Diameter, which is a measure of the relative hydraulic efficiency between different tubing sizes. The greater the value of EHD, the greater the gas capacity of the tubing.Table entries have been rounded to three significant digits.TABLE 402.4(20)POLYETHYLENE PLASTIC PIPEGasNaturalInlet PressureLess than 2 psiPressure Drop0.3 in. w.c.Specific Gravity0.60PIPE SIZE (inch)Nominal OD1/23/4111/411/2234DesignationSDR 9SDR 11SDR 11SDR 10SDR 11SDR 11SDR 11SDR 11Actual ID0.6600.8601.0771.3281.5541.9432.8643.682Length (ft)Capacity in Cubic Feet of Gas per Hour101533055519551,4402,5907,17013,900201052103796569911,7804,9209,52030841693045277961,4303,9507,64040721442604516811,2203,3806,54050641282314006041,0803,0005,80060581162093625479832,7205,25070531071923335039042,5004,8308050991793104688412,3304,5009046931682914397892,1804,22010044881592754157452,0603,99012539781412433686611,8303,53015035711272213335981,6603,20017532651172033065511,5202,94020030601091892855121,4202,7402502754971672534541,2602,4303002448881522294111,1402,2003502245811392113781,0502,0204002142751301963529741,8804501939701221843309141,7705001837661151743128631,670For SI: 1 inch = 25.4 mm, 1 foot = 304.8 mm, 1 pound per square inch = 6.895 kPa, 1-inch water column = 0.2488 kPa, 1 British thermal unit per hour = 0.2931 W, 1 cubic foot per hour = 0.0283 m3/h, 1 degree = 0.01745 rad.Note: Table entries have been rounded to three significant digits.TABLE 402.4(21)POLYETHYLENE PLASTIC PIPEGasNaturalInlet PressureLess than 2 psiPressure Drop0.5 in. w.c.Specific Gravity0.60PIPE SIZE (inch)Nominal OD1/23/4111/411/2234DesignationSDR 9SDR 11SDR 11SDR 10SDR 11SDR 11SDR 11SDR 11Actual ID0.6600.8601.0771.3281.5541.9432.8643.682Length (ft)Capacity in Cubic Feet of Gas per Hour102014037261,2601,9003,4109,45018,260201382774998651,3102,3506,49012,550301112224016951,0501,8805,21010,08040951903435948981,6104,4608,63050841693045277961,4303,9507,64060761532764777211,3003,5806,93070701402544396631,1903,3006,37080651312364096171,1103,0705,93090611232213835791,0402,8805,560100581162093625479832,7205,250125511031853214858712,4104,66015046931682914397892,1804,22017543861542684047262,0103,88020040801442493766751,8703,61025035711272213335981,6603,20030032641152003025421,5002,90035029591061842784991,3802,6704002755991712584641,2802,4804502651931602424351,2002,3305002448881522294111,1402,200For SI: 1 inch = 25.4 mm, 1 foot = 304.8 mm, 1 pound per square inch = 6.895 kPa, 1-inch water column = 0.2488 kPa, 1 British thermal unit per hour = 0.2931 W, 1 cubic foot per hour = 0.0283 m3/h, 1 degree = 0.01745 rad.Note: Table entries have been rounded to three significant digits.TABLE 402.4(22)POLYETHYLENE PLASTIC PIPEGasNaturalInlet Pressure2.0 psiPressure Drop1.0 psiSpecific Gravity0.60PIPE SIZE (inch)Nominal OD1/23/4111/411/2234DesignationSDR 9SDR 11SDR 11SDR 10SDR 11SDR 11SDR 11SDR 11Actual ID0.6600.8601.0771.3281.5541.9432.8643.682Length (ft)Capacity in Cubic Feet of Gas per Hour101,8603,7206,71011,60017,60031,60087,300169,000201,2802,5604,6107,99012,10021,70060,000116,000301,0302,0503,7106,4209,69017,40048,20093,200408781,7603,1705,4908,30014,90041,20079,700507781,5602,8104,8707,35013,20036,60070,700607051,4102,5504,4106,66012,00033,10064,000706491,3002,3404,0606,13011,00030,50058,900806031,2102,1803,7805,70010,20028,30054,800905661,1302,0503,5405,3509,61026,60051,4001005351,0701,9303,3505,0509,08025,10048,6001254749491,7102,9704,4808,05022,30043,0001504298601,5502,6904,0607,29020,20039,0001753957911,4302,4703,7306,71018,60035,9002003687361,3302,3003,4706,24017,30033,4002503266521,1802,0403,0805,53015,30029,6003002955911,0701,8502,7905,01013,90026,8003502725449811,7002,5704,61012,80024,7004002535069131,5802,3904,29011,90022,9004502374758561,4802,2404,02011,10021,5005002244488091,4002,1203,80010,50020,3005502134267681,3302,0103,6109,99019,3006002034067331,2701,9203,4409,53018,4006501943897021,2201,8403,3009,13017,6007001873746741,1701,7603,1708,77016,9007501803606491,1301,7003,0508,45016,3008001743486271,0901,6402,9508,16015,8008501683366071,0501,5902,8507,89015,3009001633265881,0201,5402,7707,65014,8009501583175729901,5002,6907,43014,4001,0001543085569631,4502,6107,23014,0001,1001462935289151,3802,4806,87013,3001,2001392795048731,3202,3706,55012,7001,3001342674828361,2602,2706,27012,1001,4001282574638031,2102,1806,03011,6001,5001242474467731,1702,1005,81011,2001,6001192394317471,1302,0305,61010,8001,7001152314177231,0901,9605,43010,5001,8001122244047011,0601,9005,26010,2001,9001092183936801,0301,8505,1109,9002,0001062123826621,0001,8004,9709,600For SI: 1 inch = 25.4 mm, 1 foot = 304.8 mm, 1 pound per square inch = 6.895 kPa, 1-inch water column = 0.2488 kPa, 1 British thermal unit per hour = 0.2931 W, 1 cubic foot per hour = 0.0283 m3/h, 1 degree = 0.01745 rad.Note: Table entries have been rounded to three significant digits.TABLE 402.4(23)POLYETHYLENE PLASTIC TUBINGGasNaturalInlet PressureLess than 2.0 psiPressure Drop0.3 in. w.c.Specific Gravity0.60PLASTIC TUBING SIZE (CTS) (inch)Nominal OD1/23/4DesignationSDR 7SDR 11Actual ID0.4450.927Length (ft)Capacity in Cubic Feet of Gas per Hour1054372203725630302054026176502315660211417019130801812190171131001610712514951501386175127920011742251069250NA65275NA62300NA59350NA54400NA51450NA47500NA45For SI: 1 inch = 25.4 mm, 1 foot = 304.8 mm, 1 pound per square inch = 6.895 kPa, 1-inch water column = 0.2488 kPa, 1 British thermal unit per hour = 0.2931 W, 1 cubic foot per hour = 0.0283 m3/h, 1 degree = 0.01745 rad.Notes:NA means a flow of less than 10 cfh.Table entries have been rounded to three significant digits.TABLE 402.4(24)POLYETHYLENE PLASTIC TUBINGGasNaturalInlet PressureLess than 2.0 psiPressure Drop0.5 in. w.c.Specific Gravity0.60PLASTIC TUBING SIZE (CTS) (inch)Nominal OD1/23/4DesignationSDR 7SDR 11Actual ID0.4450.927Length (ft)Capacity in Cubic Feet of Gas per Hour10724902049337303927140342325030205602718670251718023159902214910021141125181251501711317515104200149722513912501286275118230011783501072400NA67450NA63500NA59For SI: 1 inch = 25.4 mm, 1 foot = 304.8 mm, 1 pound per square inch = 6.895 kPa, 1-inch water column = 0.2488 kPa, 1 British thermal unit per hour = 0.2931 W, 1 cubic foot per hour = 0.0283 m3/h, 1 degree = 0.01745 rad.Notes:NA means a flow of less than 10 cfh.Table entries have been rounded to three significant digits.TABLE 402.4(25)SCHEDULE 40 METALLIC PIPEGasUndiluted PropaneInlet Pressure10.0 psiPressure Drop1.0 psiSpecific Gravity1.50INTENDED USEPipe sizing between first stage (high-pressure regulator) and second stage (low-pressure regulator).PIPE SIZE (inch)Nominal1/23/4111/411/2221/234Actual ID0.6220.8241.0491.3801.6102.0672.4693.0684.026Length (ft)Capacity in Thousands of Btu per Hour103,3206,95013,10026,90040,30077,600124,000219,000446,000202,2804,7809,00018,50027,70053,30085,000150,000306,000301,8303,8407,22014,80022,20042,80068,200121,000246,000401,5703,2806,18012,70019,00036,60058,400103,000211,000501,3902,9105,48011,30016,90032,50051,70091,500187,000601,2602,6404,97010,20015,30029,40046,90082,900169,000701,1602,4304,5709,38014,10027,10043,10076,300156,000801,0802,2604,2508,73013,10025,20040,10070,900145,000901,0102,1203,9908,19012,30023,60037,70066,600136,0001009562,0003,7707,73011,60022,30035,60062,900128,0001258481,7703,3406,85010,30019,80031,50055,700114,0001507681,6103,0206,2109,30017,90028,60050,500103,0001757061,4802,7805,7108,56016,50026,30046,50094,7002006571,3702,5905,3207,96015,30024,40043,20088,1002505821,2202,2904,7107,06013,60021,70038,30078,1003005281,1002,0804,2706,40012,30019,60034,70070,8003504861,0201,9103,9305,88011,30018,10031,90065,1004004529451,7803,6505,47010,50016,80029,70060,6004504248861,6703,4305,1409,89015,80027,90056,8005004008371,5803,2404,8509,34014,90026,30053,7005503807951,5003,0704,6108,87014,10025,00051,0006003637591,4302,9304,4008,46013,50023,90048,6006503477261,3702,8104,2108,11012,90022,80046,6007003346981,3102,7004,0407,79012,40021,90044,8007503216721,2702,6003,9007,50012,00021,10043,1008003106491,2202,5103,7607,24011,50020,40041,6008503006281,1802,4303,6407,01011,20019,80040,3009002916091,1502,3603,5306,80010,80019,20039,1009502835921,1102,2903,4306,60010,50018,60037,9001,0002755751,0802,2303,3306,42010,20018,10036,9001,1002615461,0302,1103,1706,1009,72017,20035,0001,2002495219822,0203,0205,8209,27016,40033,4001,3002394999401,9302,8905,5708,88015,70032,0001,4002294809031,8502,7805,3508,53015,10030,8001,5002214628701,7902,6805,1608,22014,50029,6001,6002134468401,7302,5904,9807,94014,00028,6001,7002064328131,6702,5004,8207,68013,60027,7001,8002004197891,6202,4304,6707,45013,20026,9001,9001944077661,5702,3604,5407,23012,80026,1002,0001893957451,5302,2904,4107,03012,40025,400For SI: 1 inch = 25.4 mm, 1 foot = 304.8 mm, 1 pound per square inch = 6.895 kPa, 1-inch water column = 0.2488 kPa, 1 British thermal unit per hour = 0.2931 W, 1 cubic foot per hour = 0.0283 m3/h, 1 degree = 0.01745 rad.Note: Table entries have been rounded to three significant digits.TABLE 402.4(26)SCHEDULE 40 METALLIC PIPEGasUndiluted PropaneInlet Pressure10.0 psiPressure Drop3.0 psiSpecific Gravity1.50INTENDED USEPipe sizing between first stage (high-pressure regulator) and second stage (low-pressure regulator).PIPE SIZE (inch)Nominal1/23/4111/411/2221/234Actual ID0.6220.8241.0491.3801.6102.0672.4693.0684.026Length (ft)Capacity in Thousands of Btu per Hour105,89012,30023,20047,60071,300137,000219,000387,000789,000204,0508,46015,90032,70049,00094,400150,000266,000543,000303,2506,79012,80026,30039,40075,800121,000214,000436,000402,7805,81011,00022,50033,70064,900103,000183,000373,000502,4605,1509,71019,90029,90057,50091,600162,000330,000602,2304,6708,79018,10027,10052,10083,000147,000299,000702,0504,3008,09016,60024,90047,90076,400135,000275,000801,9104,0007,53015,50023,20044,60071,100126,000256,000901,7903,7507,06014,50021,70041,80066,700118,000240,0001001,6903,5406,67013,70020,50039,50063,000111,000227,0001251,5003,1405,91012,10018,20035,00055,80098,700201,0001501,3602,8405,36011,00016,50031,70050,60089,400182,0001751,2502,6204,93010,10015,20029,20046,50082,300167,8002001,1602,4304,5809,41014,10027,20043,30076,500156,1002501,0302,1604,0608,34012,50024,10038,40067,800138,4003009351,9503,6807,56011,30021,80034,80061,500125,4003508601,8003,3906,95010,40020,10032,00056,500115,3004008001,6703,1506,4709,69018,70029,80052,600107,3004507511,5702,9606,0709,09017,50027,90049,400100,7005007091,4802,7905,7308,59016,50026,40046,60095,1005506731,4102,6505,4508,16015,70025,00044,30090,3006006421,3402,5305,2007,78015,00023,90042,20086,2006506151,2902,4204,9807,45014,40022,90040,50082,5007005911,2402,3304,7807,16013,80022,00038,90079,3007505691,1902,2404,6006,90013,30021,20037,40076,4008005501,1502,1704,4506,66012,80020,50036,20073,7008505321,1102,1004,3006,45012,40019,80035,00071,4009005161,0802,0304,1706,25012,00019,20033,90069,2009505011,0501,9704,0506,07011,70018,60032,90067,2001,0004871,0201,9203,9405,90011,40018,10032,00065,4001,1004639681,8203,7405,61010,80017,20030,40062,1001,2004429231,7403,5705,35010,30016,40029,00059,2001,3004238841,6703,4205,1209,87015,70027,80056,7001,4004068491,6003,2804,9209,48015,10026,70054,5001,5003918181,5403,1604,7409,13014,60025,70052,5001,6003787901,4903,0604,5808,82014,10024,80050,7001,7003667651,4402,9604,4308,53013,60024,00049,0001,8003557411,4002,8704,3008,27013,20023,30047,6001,9003447201,3602,7804,1708,04012,80022,60046,2002,0003357001,3202,7104,0607,82012,50022,00044,900For SI: 1 inch = 25.4 mm, 1 foot = 304.8 mm, 1 pound per square inch = 6.895 kPa, 1-inch water column = 0.2488 kPa, 1 British thermal unit per hour = 0.2931 W, 1 cubic foot per hour = 0.0283 m3/h, 1 degree = 0.01745 rad.Note: Table entries have been rounded to three significant digits.TABLE 402.4(27)SCHEDULE 40 METALLIC PIPEGasUndiluted PropaneInlet Pressure2.0 psiPressure Drop1.0 psiSpecific Gravity1.50INTENDED USEPipe sizing between 2 psig service and line pressure regulator.PIPE SIZE (inch)Nominal1/23/4111/411/2221/234Actual ID0.6220.8241.0491.3801.6102.0672.4693.0684.026Length (ft)Capacity in Thousands of Btu per Hour102,6805,59010,50021,60032,40062,40099,500176,000359,000201,8403,8507,24014,90022,30042,90068,400121,000247,000301,4803,0905,82011,90017,90034,50054,90097,100198,000401,2602,6404,98010,20015,30029,50047,00083,100170,000501,1202,3404,4109,06013,60026,10041,70073,700150,000601,0102,1204,0008,21012,30023,70037,70066,700136,000709341,9503,6807,55011,30021,80034,70061,400125,000808691,8203,4207,02010,50020,30032,30057,100116,000908151,7003,2106,5909,88019,00030,30053,600109,0001007701,6103,0306,2309,33018,00028,60050,600103,0001256821,4302,6905,5208,27015,90025,40044,90091,5001506181,2902,4405,0007,49014,40023,00040,70082,9001755691,1902,2404,6006,89013,30021,20037,40076,3002005291,1102,0804,2806,41012,30019,70034,80071,0002504699811,8503,7905,68010,90017,40030,80062,9003004258891,6703,4405,1509,92015,80027,90057,0003503918171,5403,1604,7409,12014,50025,70052,4004003647601,4302,9404,4108,49013,50023,90048,8004503417141,3402,7604,1307,96012,70022,40045,8005003226741,2702,6103,9107,52012,00021,20043,2005503066401,2102,4803,7107,14011,40020,10041,1006002926111,1502,3603,5406,82010,90019,20039,2006502805851,1002,2603,3906,53010,40018,40037,5007002695621,0602,1703,2606,2709,99017,70036,0007502595411,0202,0903,1406,0409,63017,00034,7008002505239852,0203,0305,8309,30016,40033,5008502425069531,9602,9305,6409,00015,90032,4009002354909241,9002,8405,4708,72015,40031,5009502284768971,8402,7605,3108,47015,00030,5001,0002224638731,7902,6805,1708,24014,60029,7001,1002104408291,7002,5504,9107,83013,80028,2001,2002014207911,6202,4304,6807,47013,20026,9001,3001924027571,5502,3304,4907,15012,60025,8001,4001853867271,4902,2404,3106,87012,10024,8001,5001783727011,4402,1604,1506,62011,70023,9001,6001723596771,3902,0804,0106,39011,30023,0001,7001663486551,3402,0103,8806,18010,90022,3001,8001613376351,3001,9503,7606,00010,60021,6001,9001573276171,2701,9003,6505,82010,30021,0002,0001523186001,2301,8403,5505,66010,00020,400For SI: 1 inch = 25.4 mm, 1 foot = 304.8 mm, 1 pound per square inch = 6.895 kPa, 1-inch water column = 0.2488 kPa, 1 British thermal unit per hour = 0.2931 W, 1 cubic foot per hour = 0.0283 m3/h, 1 degree = 0.01745 rad.Note: Table entries have been rounded to three significant digits.TABLE 402.4(28)SCHEDULE 40 METALLIC PIPEGasUndiluted PropaneInlet Pressure11.0 in. w.c.Pressure Drop0.5 in. w.c.Specific Gravity1.50INTENDED USEPipe sizing between single- or second-stage (low pressure) regulator and appliance.PIPE SIZE (inch)Nominal1/23/4111/411/2221/234Actual ID0.6220.8241.0491.3801.6102.0672.4693.0684.026Length (ft)Capacity in Thousands of Btu per Hour102916081,1502,3503,5206,79010,80019,10039,000202004187871,6202,4204,6607,43013,10026,800301603366321,3001,9403,7505,97010,60021,500401372875411,1101,6603,2105,1109,03018,400501222554809851,4802,8404,5308,00016,300601102314348921,3402,5704,1007,25014,800701012124008211,2302,3703,7706,67013,60080941973727631,1402,2003,5106,21012,70090891853497161,0702,0703,2905,82011,900100841753306771,0101,9503,1105,50011,200125741552926008991,7302,7604,8809,950150671402655438141,5702,5004,4209,010175621292435007491,4402,3004,0608,290200581202274656971,3402,1403,7807,710250511072014126181,1901,9003,3506,84030046971823735601,0801,7203,0406,19035042891673445159911,5802,7905,70040040831563204799221,4702,6005,30045037781463004498651,3802,4404,97050035731382834248171,3002,3004,70055033701312694037761,2402,1904,46060032661252573857411,1802,0904,26065030641202463687091,1302,0004,08070029611152363546811,0901,9203,92075028591112273416561,0501,8503,77080027571072203296341,0101,7903,64085026551042133196139781,7303,53090025531002063095959481,6803,4209502552972003005789211,6303,3201,0002450951952925628951,5803,2301,1002348901852775348501,5003,0701,2002246861762645098111,4302,9301,3002144821692534877771,3702,8001,4002042791622434687461,3202,6901,5001940761562344517191,2702,5901,6001939741512264366941,2302,5001,7001838711462194226721,1902,4201,8001837691422124096521,1502,3501,9001736671382063976331,1202,2802,0001735651342003866151,0902,220For SI: 1 inch = 25.4 mm, 1 foot = 304.8 mm, 1 pound per square inch = 6.895 kPa, 1-inch water column = 0.2488 kPa, 1 British thermal unit per hour = 0.2931 W, 1 cubic foot per hour = 0.0283 m3/h, 1 degree = 0.01745 rad.Note: Table entries have been rounded to three significant digits.TABLE 402.4(29)SEMIRIGID COPPER TUBINGGasUndiluted PropaneInlet Pressure10.0 psiPressure Drop1.0 psiSpecific Gravity1.50INTENDED USESizing between first stage (high-pressure regulator) and second stage (low-pressure regulator).TUBE SIZE (in.)NominalK & L1/43/81/25/83/4111/411/22ACR3/81/25/83/47/811/813/8——Outside0.3750.5000.6250.7500.8751.1251.3751.6252.125Inside0.3050.4020.5270.6520.7450.9951.2451.4811.959Length (ft)Capacity in Thousands of Btu per Hour105131,0602,1503,7605,33011,40020,50032,30067,400203527271,4802,5803,6707,83014,10022,20046,300302835841,1902,0802,9406,29011,30017,90037,200402425001,0201,7802,5205,3809,69015,30031,800502154439011,5702,2304,7708,59013,50028,200601944018161,4302,0204,3207,78012,30025,600701793697511,3101,8603,9807,16011,30023,500801663436991,2201,7303,7006,66010,50021,900901563226551,1501,6303,4706,2509,85020,5001001473046191,0801,5403,2805,9009,31019,4001251312705499591,3602,9105,2308,25017,2001501182444978691,2302,6304,7407,47015,6001751092254577991,1302,4204,3606,88014,3002001012094267441,0602,2504,0606,40013,300250901853776599352,0003,6005,67011,800300811683425978471,8103,2605,14010,700350751553145497791,6603,0004,7309,840400701442925117251,5502,7904,4009,160450651352744806801,4502,6204,1308,590500621272594536431,3702,4703,9008,120550591212464306101,3002,3503,7007,710600561152354105821,2402,2403,5307,350650541112253935581,1902,1403,3807,040700511062163785361,1402,0603,2506,770750501022083645161,1001,9803,1306,52080048992013514981,0601,9203,0206,29085046961953404821,0301,8502,9206,09090045931893304681,0001,8002,8405,91095044901833204549701,7502,7505,7301,00042881783114429441,7002,6805,5801,10040831692964208961,6102,5405,3001,20038791612824008551,5402,4305,0501,30037761552703838191,4702,3204,8401,40035731482603687871,4202,2304,6501,50034701432503557581,3602,1504,4801,60033681382413437321,3202,0804,3301,70032661342343317081,2702,0104,1901,80031641302273216871,2401,9504,0601,90030621262203126671,2001,8903,9402,00029601222143046481,1701,8403,830For SI: 1 inch = 25.4 mm, 1 foot = 304.8 mm, 1 pound per square inch = 6.895 kPa, 1-inch water column = 0.2488 kPa, 1 British thermal unit per hour = 0.2931 W, 1 cubic foot per hour = 0.0283 m3/h, 1 degree = 0.01745 rad.Notes:Table capacities are based on Type K copper tubing inside diameter (shown), which has the smallest inside diameter of the copper tubing products.Table entries have been rounded to three significant digits.TABLE 402.4(30)SEMIRIGID COPPER TUBINGGasUndiluted PropaneInlet Pressure11.0 in. w.c.Pressure Drop0.5 in. w.c.Specific Gravity1.50INTENDED USESizing between single or second stage (low-pressure regulator) and appliance.TUBE SIZE (inch)NominalK & L1/43/81/25/83/4111/411/22ACR3/81/25/83/47/811/813/8——Outside0.3750.5000.6250.7500.8751.1251.3751.6252.125Inside0.3050.4020.5270.6520.7450.9951.2451.4811.959Length (ft)Capacity in Thousands of Btu per Hour1045931883294679971,8002,8305,8902031641292263216851,2301,9504,0503025511041822585509911,5603,250402144891552204718481,3402,780501939791381954177521,1802,470601735711251773786811,0702,240701632661151633486269882,060801530611071523245839191,910901428571001423045478621,800100132754951342875178141,700125112448841192544587221,500150102144761082304156541,360175NA204070992123826021,250200NA183765921973555601,170250NA163358821753154961,030300NA15305274158285449936350NA14284868146262414861400NA13264563136244385801450NA12244260127229361752500NA11234056120216341710550NA11223853114205324674600NA10213651109196309643650NANA203449104188296616700NANA193347100180284592750NANA18324596174274570800NANA18314493168264551850NANA17304290162256533900NANA17294187157248517950NANA162840851532415021,000NANA162739831492344881,100NANA152637781412234641,200NANA142535751352124421,300NANA142434721292034231,400NANA132332691241954071,500NANA132231661191883921,600NANA122130641151823781,700NANA122029621121763661,800NANA112028601081703551,900NANA111927581051663452,000NANA11192757102161335For SI: 1 inch = 25.4 mm, 1 foot = 304.8 mm, 1 pound per square inch = 6.895 kPa, 1-inch water column = 0.2488 kPa, 1 British thermal unit per hour = 0.2931 W, 1 cubic foot per hour = 0.0283 m3/h, 1 degree = 0.01745 rad.Notes:Table capacities are based on Type K copper tubing inside diameter (shown), which has the smallest inside diameter of the copper tubing products.NA means a flow of less than 10,000 Btu/h.Table entries have been rounded to three significant digits.TABLE 402.4(31)SEMIRIGID COPPER TUBINGGasUndiluted PropaneInlet Pressure2.0 psiPressure Drop1.0 psiSpecific Gravity1.50INTENDED USETube sizing between 2 psig service and line pressure regulator.TUBE SIZE (inch)NominalK & L1/43/81/25/83/4111/411/22ACR3/81/25/83/47/811/813/8——Outside0.3750.5000.6250.7500.8751.1251.3751.6252.125Inside0.3050.4020.5270.6520.7450.9951.2451.4811.959Length (ft)Capacity in Thousands of Btu per Hour104138521,7303,0304,3009,17016,50026,00054,200202845851,1902,0802,9506,31011,40017,90037,300302284709561,6702,3705,0609,12014,40029,900401954028181,4302,0304,3307,80012,30025,600501733567251,2701,8003,8406,92010,90022,700601573236571,1501,6303,4806,2709,88020,600701442976051,0601,5003,2005,7609,09018,900801342765629831,3902,9805,3608,45017,600901262595289221,3102,7905,0307,93016,5001001192454988711,2402,6404,7507,49015,6001251052174427721,1002,3404,2106,64013,800150951974007009922,1203,8206,02012,500175881813686449131,9503,5105,54011,500200821683435998491,8103,2705,15010,700250721493045317531,6102,9004,5609,510300661352754816821,4602,6204,1408,610350601242534426281,3402,4103,8007,920400561162354115841,2502,2503,5407,370450531092213865481,1702,1103,3206,920500501032093655171,1101,9903,1406,53055047971983464911,0501,8902,9806,21060045931893304691,0001,8002,8405,92065043891813164499591,7302,7205,67070041861743044319211,6602,6205,45075040821682934158881,6002,5205,25080039801622834018571,5402,4305,07085037771572743888291,4902,3504,90090036751522653768041,4502,2804,75095035721472583667811,4102,2204,6201,00034711432513567601,3702,1604,4901,10032671362383387211,3002,0504,2701,20031641302273226881,2401,9504,0701,30030611242173096591,1901,8703,9001,40028591202092966331,1401,8003,7401,50027571152012866101,1001,7303,6101,60026551111942765891,0601,6703,4801,70026531081882675701,0301,6203,3701,80025511041822595531,0001,5703,2701,90024501011772515379661,5203,1702,0002348991722445229401,4803,090For SI: 1 inch = 25.4 mm, 1 foot = 304.8 mm, 1 pound per square inch = 6.895 kPa, 1-inch water column = 0.2488 kPa, 1 British thermal unit per hour = 0.2931 W, 1 cubic foot per hour = 0.0283 m3/h, 1 degree = 0.01745 rad.Notes:Table capacities are based on Type K copper tubing inside diameter (shown), which has the smallest inside diameter of the copper tubing products.Table entries have been rounded to three significant digits.TABLE 402.4(32)CORRUGATED STAINLESS STEEL TUBING (CSST)GasUndiluted PropaneInlet Pressure11.0 in. w.c.Pressure Drop0.5 in. w.c.Specific Gravity1.50INTENDED USE: SIZING BETWEEN SINGLE- OR SECOND-STAGE (Low-Pressure) REGULATOR AND THE APPLIANCE SHUTOFF VALVETUBE SIZE (EHD)Flow Designation1315181923253031373946486062Length (ft)Capacity in Thousands of Btu per Hour572991812113554267448631,4201,6382,8303,2705,7806,5501050691291502543035216059711,1791,9902,3204,1104,6401539551041212082484224907759721,6201,9003,3703,790203449911061832163654256618471,4001,6502,9303,29025304282941641923253795837621,2501,4802,6302,94030283974871511772973445286981,1401,3502,4002,68040233364741311532562974496109881,1702,0902,33050203058661181372272653975488841,0501,8702,08060192653601071262072413595028059611,7101,9007017254957991171912223304667458901,5901,7608015234552941091782083074386968331,4901,6509015224450901021691972864146567871,4001,5501001420414785981591862703936217461,3301,4801501115313666751231432173245066111,0901,210200914283360691121291832834385319481,05025081225305361991171632543904768509343008112326505790107147234357434777854For SI: 1 inch = 25.4 mm, 1 foot = 304.8 mm, 1 pound per square inch = 6.895 kPa, 1-inch water column = 0.2488 kPa, 1 British thermal unit per hour = 0.2931 W, 1 cubic foot per hour = 0.0283 m3/h, 1 degree = 0.01745 rad.Notes:Table includes losses for four 90-degree bends and two end fittings. Tubing runs with larger numbers of bends or fittings shall be increased by an equivalent length of tubing to the following equation: L = 1.3n where L is additional length (feet) of tubing and n is the number of additional fittings or bends.EHD—Equivalent Hydraulic Diameter, which is a measure of the relative hydraulic efficiency between different tubing sizes. The greater the value of EHD, the greater the gas capacity of the tubing.Table entries have been rounded to three significant digits.TABLE 402.4(33)CORRUGATED STAINLESS STEEL TUBING (CSST)GasUndiluted PropaneInlet Pressure2.0 psiPressure Drop1.0 psiSpecific Gravity1.50INTENDED USE: SIZING BETWEEN 2 PSI SERVICE AND THE LINE PRESSURE REGULATORTUBE SIZE (EHD)Flow Designation1315181923253031373946486062Length (ft)Capacity in Thousands of Btu per Hour104265589271,1101,7402,1704,1004,7207,1307,95815,20016,80029,40034,200252623475917011,1201,3802,5602,9504,5605,1479,55010,70018,80021,700302383165406401,0301,2702,3302,6904,1804,7198,7109,79017,20019,800402032714695548961,1002,0102,3203,6304,1167,5308,50014,90017,200501812434204968069861,7902,0703,2603,7026,7307,61013,40015,400751471963444066638091,4601,6902,6803,0535,4806,23011,00012,600801401893333936437681,4101,6302,5902,9615,3006,04010,60012,2001001241692983505787031,2601,4502,3302,6624,7405,4109,53010,9001501011372452874775751,0201,1801,9102,1953,8604,4307,8108,890200861182132484155018801,0201,6601,9153,3403,8406,7807,710250771051912223734487859101,4901,7222,9803,4406,0806,90030069961732033434117168291,3601,5782,7203,1505,5606,30040060821511752983556167161,1601,3762,3502,7304,8305,46050053721351582683195506381,0301,2372,1002,4504,3304,880For SI: 1 inch = 25.4 mm, 1 foot = 304.8 mm, 1 pound per square inch = 6.895kPa, 1-inch water column = 0.2488 kPa, 1 British thermal unit per hour = 0.293 1 W, 1 cubic foot per hour = 0.0283 m3/h, 1 degree = 0.01745 rad.Notes:Table does not include effect of pressure drop across the line regulator. Where regulator loss exceeds 1/2 psi (based on 13 in. w.c. outlet pressure), DO NOT USE THIS TABLE. Consult with the regulator manufacturer for pressure drops and capacity factors. Pressure drops across a regulator may vary with flow rate.CAUTION: Capacities shown in the table might exceed maximum capacity for a selected regulator. Consult with the regulator or tubing manufacturer for guidance.Table includes losses for four 90-degree bends and two end fittings. Tubing runs with larger numbers of bends or fittings shall be increased by an equivalent length of tubing to the following equation: L = 1.3n where L is additional length (feet) of tubing and n is the number of additional fittings or bends.EHD—Equivalent Hydraulic Diameter, which is a measure of the relative hydraulic efficiency between different tubing sizes. The greater the value of EHD, the greater the gas capacity of the tubing.Table entries have been rounded to three significant digits.TABLE 402.4(34)CORRUGATED STAINLESS STEEL TUBING (CSST)GasUndiluted PropaneInlet Pressure5.0 psiPressure Drop3.5 psiSpecific Gravity1.50TUBE SIZE (EHD)Flow Designation1315181923253031373946486062Length (ft)Capacity in Thousands of Btu per Hour108261,0701,7102,0603,1504,0007,8308,95013,10014,44128,60031,20054,40063,800255096641,0901,3102,0402,5504,8605,6008,4009,33918,00019,90034,70040,400304616039991,1901,8702,3404,4305,1007,6808,56416,40018,20031,70036,900403965208671,0301,6302,0303,8204,4006,6807,46914,20015,80027,60032,000503524637779261,4601,8203,4103,9305,9906,71712,70014,10024,70028,600752843766377571,2101,4902,7703,1904,9205,53910,30011,60020,30023,400802753636187311,1701,4502,6803,0904,7705,3729,99011,20019,60022,7001002433245536561,0501,3002,3902,7604,2804,8308,93010,00017,60020,3001501962624535358661,0601,9402,2403,5103,9837,2708,21014,40016,6002001692263934647559231,6801,9303,0503,4746,2907,13012,50014,4002501502023524156798281,4901,7302,7403,1245,6206,39011,20012,9003001361833223796227571,3601,5702,5102,8655,1205,84010,30011,7004001171582793285426571,1701,3602,1802,4984,4305,0708,92010,2005001041402512944885891,0501,2101,9502,2473,9604,5408,0009,110For SI: 1 inch = 25.4 mm, 1 foot = 304.8 mm, 1 pound per square inch = 6.895 kPa, 1-inch water column = 0.2488 kPa, 1 British thermal unit per hour = 0.2931 W, 1 cubic foot per hour = 0.0283 m3/h, 1 degree = 0.01745 rad.Notes:Table does not include effect of pressure drop across line regulator. Where regulator loss exceeds 1 psi, DO NOT USE THIS TABLE. Consult with the regulator manufacturer for pressure drops and capacity factors. Pressure drop across regulator may vary with the flow rate.CAUTION: Capacities shown in the table might exceed maximum capacity of selected regulator. Consult with the tubing manufacturer for guidance.Table includes losses for four 90-degree bends and two end fittings. Tubing runs with larger numbers of bends or fittings shall be increased by an equivalent length of tubing to the following equation: L = 1.3n where L is additional length (feet) of tubing and n is the number of additional fittings or bends.EHD—Equivalent Hydraulic Diameter, which is a measure of the relative hydraulic efficiency between different tubing sizes. The greater the value of EHD, the greater the gas capacity of the tubing.Table entries have been rounded to three significant digits.TABLE 402.4(35)POLYETHYLENE PLASTIC PIPEGasUndiluted PropaneInlet Pressure11.0 in. w.c.Pressure Drop0.5 in. w.c.Specific Gravity1.50INTENDED USEPE pipe sizing between integral two-stage regulator at tank or second stage (low-pressure regulator) and building.PIPE SIZE (inch)Nominal OD1/23/4111/411/2234DesignationSDR 9SDR 11SDR 11SDR 10SDR 11SDR 11SDR 11SDR 11Actual ID0.6600.8601.0771.3281.5541.9432.8643.682Length (ft)Capacity in Thousands of Btu per Hour103406801,2302,1303,2105,77016,00030,900202334688441,4602,2103,97011,00021,200301873756771,1701,7703,1808,81017,000401603215801,0001,5202,7307,54014,600501422855148901,3402,4206,68012,900601292584668071,2202,1906,05011,700701192374287421,1202,0105,57010,800801102213986901,0401,8705,18010,000901032073746489781,7604,8609,400100981963536129241,6604,5908,900125871733135428191,4704,0707,900150781572844917421,3303,6907,130175721452614526831,2303,3906,560200671352434206351,1403,1606,100250601192153735631,0102,8005,410300541081953385109162,5304,90035050991793114698432,3304,51040046921672894367842,1704,19045043871572714097362,0403,93050041821482563876951,9203,720For SI: 1 inch = 25.4 mm, 1 foot = 304.8 mm, 1 pound per square inch = 6.895 kPa, 1-inch water column = 0.2488 kPa, 1 British thermal unit per hour = 0.2931 W, 1 cubic foot per hour = 0.0283 m3/h, 1 degree = 0.01745 rad.Note: Table entries have been rounded to three significant digits.TABLE 402.4(36)POLYETHYLENE PLASTIC PIPEGasUndiluted PropaneInlet Pressure2.0 psiPressure Drop1.0 psiSpecific Gravity1.50INTENDED USEPE pipe sizing between 2 psig service regulator and line pressure regulator.PIPE SIZE (inch)Nominal OD1/23/4111/411/2234DesignationSDR 9SDR 11SDR 11SDR 10SDR 11SDR 11SDR 11SDR 11Actual ID0.6600.8601.0771.3281.5541.9432.8643.682Length (ft)Capacity in Thousands of Btu per Hour103,1306,26011,30019,60029,50053,100147,000284,000202,1504,3007,76013,40020,30036,500101,000195,000301,7303,4506,23010,80016,30029,30081,100157,000401,4802,9605,3309,24014,00025,10069,400134,100501,3102,6204,7308,19012,40022,20061,500119,000601,1902,3704,2807,42011,20020,10055,700108,000701,0902,1803,9406,83010,30018,50051,30099,100801,0102,0303,6706,3509,59017,20047,70092,200909521,9103,4405,9609,00016,20044,70086,5001008991,8003,2505,6308,50015,30042,30081,7001257971,6002,8804,9907,53013,50037,50072,4001507221,4502,6104,5206,83012,30033,90065,6001756641,3302,4004,1606,28011,30031,20060,3002006181,2402,2303,8705,84010,50029,00056,1002505481,1001,9803,4305,1809,30025,70049,8003004969941,7903,1104,6908,43023,30045,1003504579141,6502,8604,3207,76021,50041,5004004258511,5302,6604,0207,22012,00038,6004503997981,4402,5003,7706,77018,70036,2005003777541,3602,3603,5606,39017,70034,2005503587161,2902,2403,3806,07016,80032,5006003416831,2302,1403,2205,79016,00031,0006503276541,1802,0403,0905,55015,40029,7007003146281,1301,9602,9705,33014,70028,5007503026051,0901,8902,8605,14014,20027,5008002925851,0501,8302,7604,96013,70026,5008502835661,0201,7702,6704,80013,30025,7009002745499901,7102,5904,65012,90024,9009502665339611,6702,5204,52012,50024,2001,0002595189351,6202,4504,40012,20023,5001,1002464928881,5402,3204,17011,50022,3001,2002344708471,4702,2203,98011,00021,3001,3002254508111,4102,1203,81010,60020,4001,4002164327791,3502,0403,66010,10019,6001,5002084167511,3001,9603,5309,76018,9001,6002014027251,2601,9003,4109,43018,2001,7001943897021,2201,8403,3009,13017,6001,8001883776801,1801,7803,2008,85017,1001,9001833666611,1401,7303,1108,59016,6002,0001783566431,1101,6803,0208,36016,200For SI: 1 inch = 25.4 mm, 1 foot = 304.8 mm, 1 pound per square inch = 6.895 kPa, 1-inch water column = 0.2488 kPa, 1 British thermal unit per hour = 0.2931 W, 1 cubic foot per hour = 0.0283 m3/h, 1 degree = 0.01745 rad.Note: Table entries have been rounded to three significant digits.TABLE 402.4(37)POLYETHYLENE PLASTIC TUBINGGasUndiluted PropaneInlet Pressure11.0 in. w.c.Pressure Drop0.5 in. w.c.Specific Gravity1.50INTENDED USEPE pipe sizing between integral two-stage regulator at tank or second stage (low-pressure regulator) and building.Plastic Tubing Size (CTS) (inch)Nominal OD1/21DesignationSDR 7SDR 11Actual ID0.4450.927Length (ft)Capacity in Cubic Feet of Gas per Hour101218282083569306745740573915051347604631470422898039269903725210035238125312111502819117526176200241642252215425021145275201383001913235018121400161134501510650015100For SI: 1 inch = 25.4 mm, 1 foot = 304.8 mm, 1 pound per square inch = 6.895 kPa, 1-inch water column = 0.2488 kPa, 1 British thermal unit per hour = 0.293 1 W, 1 cubic foot per hour = 0.0283 m3/h, 1 degree = 0.0 1745 rad.Note: Table entries have been rounded to three significant digits."
402.4.1,Section 402 (IFGS) Pipe Sizing,Longest Length Method,,,,,,The pipe size of each section of gas piping shall be determined using the longest length of piping from the point of delivery to the most remote outlet and the load of the section.
402.4.2,Section 402 (IFGS) Pipe Sizing,Branch Length Method,,,,,,Pipe shall be sized as follows: Pipe size of each section of the longest pipe run from the point of delivery to the most remote outlet shall be determined using the longest run of piping and the load of the section.The pipe size of each section of branch piping not previously sized shall be determined using the length of piping from the point of delivery to the most remote outlet in each branch and the load of the section.
402.4.3,Section 402 (IFGS) Pipe Sizing,Hybrid Pressure,,,,,,The pipe size for each section of higher pressure gas piping shall be determined using the longest length of piping from the point of delivery to the most remote line pressure regulator. The pipe size from the line pressure regulator to each outlet shall be determined using the length of piping from the regulator to the most remote outlet served by the regulator.
402.5,Section 402 (IFGS) Pipe Sizing,Noncorrugated Stainless Steel Tubing,,,,,,"Noncorrugated stainless steel tubing shall be sized in accordance with Equations 4-1 and 4-2 of Section 402.4 in conjunction with Section 402.4.1, 402.4.2 or 402.4.3."
402.6,Section 402 (IFGS) Pipe Sizing,Allowable Pressure Drop,,,,,,"The design pressure loss in a piping system, from the point of delivery to the inlet connection of all appliances served, shall be such that the supply pressure at each appliance inlet is greater than or equal to the minimum pressure required by the appliance."
402.7,Section 402 (IFGS) Pipe Sizing,Maximum Operating Pressure,,,,,,The maximum operating pressure for piping systems located inside buildings shall not exceed 5 pounds per square inch gauge (psig) (34 kPa gauge) except where one or more of the following conditions are met: The piping joints are welded or brazed.The piping is joined by fittings listed to ANSI LC-4/CSA6.32 and installed in accordance with the manufacturer's instructions.The piping joints are flanged and pipe-to-flange connections are made by welding or brazing.The piping is located in a ventilated chase or otherwise enclosed for protection against accidental gas accumulation.The piping is located inside buildings or separate areas of buildings used exclusively for any of the following:5.1. Industrial processing or heating.5.2. Research.5.3. Warehousing.5.4. Boiler or mechanical rooms.The piping is a temporary installation for buildings under construction.The piping serves appliances or equipment used for agricultural purposes.The piping system is an LP-gas piping system with an operating pressure greater than 20 psi (137.9 kPa) and complies with NFPA 58.
402.7.1,Section 402 (IFGS) Pipe Sizing,Operation Below -5°F (-21°C),,,,,,LP-gas systems designed to operate below -5°F (-21°C) or with butane or a propane-butane mix shall be designed to either accommodate liquid LP-gas or prevent LP-gas vapor from condensing into a liquid.
403.1,Section 403 (IFGS) Piping Materials,General,,,,,,Materials used for piping systems shall comply with the requirements of this chapter or shall be approved.
403.2,Section 403 (IFGS) Piping Materials,Used Materials,,,,,,"Pipe, fittings, valves and other materials shall not be used again except where they are free of foreign materials and have been ascertained to be adequate for the service intended."
403.3,Section 403 (IFGS) Piping Materials,Metallic Pipe,,,,,,Metallic pipe shall comply with Sections 403.3.1 through 403.3.4.
403.3.1,Section 403 (IFGS) Piping Materials,Cast Iron,,,,,,Cast-iron pipe shall not be used.
403.3.2,Section 403 (IFGS) Piping Materials,Steel,,,,,,"Steel, stainless steel and wrought-iron pipe shall be not lighter than Schedule 10 and shall comply with the dimensional standards of ASME B36.10M and one of the following standards: ASTM A53/A53M.ASTM A106.ASTM A312."
403.3.3,Section 403 (IFGS) Piping Materials,Copper and Copper Alloy,,,,,,"Copper and copper alloy pipe shall not be used if the gas contains more than an average of 0.3 grains of hydrogen sulfide per 100 standard cubic feet of gas (0.7 milligrams per 100 liters). Threaded copper, copper alloy and aluminum-alloy pipe shall not be used with gases corrosive to such materials."
403.3.4,Section 403 (IFGS) Piping Materials,Aluminum,,,,,,"Aluminum-alloy pipe shall comply with ASTM B241 except that the use of alloy 5456 is prohibited. Aluminum-alloy pipe shall be marked at each end of each length indicating compliance. Aluminum-alloy pipe shall be coated to protect against external corrosion where it is in contact with masonry, plaster or insulation, or is subject to repeated wettings by such liquids as water, detergents or sewage. Aluminum-alloy pipe shall not be used in exterior locations or underground."
403.4,Section 403 (IFGS) Piping Materials,Metallic Tubing,,,,,,Tubing shall not be used with gases corrosive to the tubing material.
403.4.1,Section 403 (IFGS) Piping Materials,Steel Tubing,,,,,,Steel tubing shall comply with ASTM A254.
403.4.2,Section 403 (IFGS) Piping Materials,Stainless Steel,,,,,,Stainless steel tubing shall comply with ASTM A268 or ASTM A269.
403.4.3,Section 403 (IFGS) Piping Materials,Copper and Copper Alloy Tubing,,,,,,Copper tubing shall comply with Standard Type K or L of ASTM B88 or ASTM B280. Copper and copper alloy tubing shall not be used if the gas contains more than an average of 0.3 grains of hydrogen sulfide per 100 standard cubic feet of gas (0.7 milligrams per 100 liters).
403.4.4,Section 403 (IFGS) Piping Materials,Aluminum Tubing,,,,,,"Aluminum-alloy tubing shall comply with ASTM B210 or ASTM B241. Aluminum-alloy tubing shall be coated to protect against external corrosion where it is in contact with masonry, plaster or insulation, or is subject to repeated wettings by such liquids as water, detergent or sewage. Aluminum-alloy tubing shall not be used in exterior locations or underground."
403.4.5,Section 403 (IFGS) Piping Materials,Corrugated Stainless Steel Tubing,,,,,,Corrugated stainless steel tubing shall be listed in accordance with ANSI LC 1/CSA 6.26.
403.5,Section 403 (IFGS) Piping Materials,"Plastic Pipe, Tubing and Fittings",,,,,,"Polyethylene plastic pipe, tubing and fittings used to supply fuel gas shall conform to ASTM D2513. Such pipe shall be marked ""Gas"" and ""ASTM D2513."" Polyamide pipe, tubing and fittings shall be identified and conform to ASTM F2945. Such pipe shall be marked ""Gas"" and ""ASTM F2945.""Polyvinyl chloride (PVC) and chlorinated polyvinyl chloride (CPVC) plastic pipe, tubing and fittings shall not be used to supply fuel gas."
403.5.1,Section 403 (IFGS) Piping Materials,Anodeless Risers,,,,,,"Plastic pipe, tubing and anodeless risers shall comply with the following: Factory-assembled anodeless risers shall be recommended by the manufacturer for the gas used and shall be leak tested by the manufacturer in accordance with written procedures.Service head adapters and field-assembled anodeless risers incorporating service head adapters shall be recommended by the manufacturer for the gas used, and shall be designed and certified to meet the requirements of Category I of ASTM D2513, and U.S. Department of Transportation, Code of Federal Regulations, Title 49, Part 192.281(e). The manufacturer shall provide the user with qualified installation instructions as prescribed by the U.S. Department of Transportation, Code of Federal Regulations, Title 49, Part 192.283(b)."
403.5.2,Section 403 (IFGS) Piping Materials,LP-Gas Systems,,,,,,"The use of plastic pipe, tubing and fittings in undiluted liquefied petroleum gas piping systems shall be in accordance with NFPA 58."
403.5.3,Section 403 (IFGS) Piping Materials,Regulator Vent Piping,,,,,,Plastic pipe and fittings used to connect regulator vents to remote vent terminations shall be PVC conforming to UL 651. PVC vent piping shall not be installed indoors.
403.6,Section 403 (IFGS) Piping Materials,Workmanship and Defects,,,,,,"Pipe, tubing and fittings shall be clear and free from cutting burrs and defects in structure or threading, and shall be thoroughly brushed, and chip and scale blown. Defects in pipe, tubing and fittings shall not be repaired. Defective pipe, tubing and fittings shall be replaced."
403.7,Section 403 (IFGS) Piping Materials,Protective Coating,,,,,,"Where in contact with material or atmosphere exerting a corrosive action, metallic piping and fittings coated with a corrosion-resistant material shall be used. External or internal coatings or linings used on piping or components shall not be considered as adding strength."
403.8,Section 403 (IFGS) Piping Materials,Metallic Pipe Threads,,,,,,Metallic pipe and fitting threads shall be taper pipe threads and shall comply with ASME B1.20.1.
403.8.1,Section 403 (IFGS) Piping Materials,Damaged Threads,,,,,,"Pipe with threads that are stripped, chipped, corroded or otherwise damaged shall not be used. Where a weld opens during the operation of cutting or threading, that portion of the pipe shall not be used."
403.8.2,Section 403 (IFGS) Piping Materials,Number of Threads,,,,,,Field threading of metallic pipe shall be in accordance with Table 403.8.2. TABLE 403.8.2SPECIFICATIONS FOR THREADING METALLIC PIPE IRON PIPE SIZE (inches) APPROXIMATE LENGTH OF THREADED PORTION (inches) APPROXIMATE NUMBER OF THREADS TO BE CUT 1/2 3/4 10 3/4 3/4 10 1 7/8 10 11/4 1 11 11/2 1 11 2 1 11 21/2 11/2 12 3 11/2 12 4 15/8 13 For SI: 1 inch = 25.4 mm.
403.8.3,Section 403 (IFGS) Piping Materials,Threaded Joint Sealing,,,,,,Threaded joints shall be made using a thread joint sealing material. Thread joint sealing materials shall be nonhardening and shall be resistant to the chemical constituents of the gases to be conducted through the piping. Thread joint sealing materials shall be compatible with the pipe and fitting materials on which the sealing materials are used.
403.9,Section 403 (IFGS) Piping Materials,Metallic Piping Joints and Fittings,,,,,,"The type of piping joint used shall be suitable for the pressure-temperature conditions and shall be selected giving consideration to joint tightness and mechanical strength under the service conditions. The joint shall be able to sustain the maximum end force caused by the internal pressure and any additional forces caused by temperature expansion or contraction, vibration, fatigue or the weight of the pipe and its contents."
403.9.1,Section 403 (IFGS) Piping Materials,Pipe Joints,,,,,,"Schedule 40 and heavier pipe joints shall be threaded, flanged, brazed, welded or assembled with press-connect fittings listed in accordance with ANSI L-C4/CSA 6.32. Pipe lighter than Schedule 40 shall be connected using press-connect fittings, flanges, brazing or welding. Where nonferrous pipe is brazed, the brazing materials shall have a melting point in excess of 1,000°F (538°C). Brazing alloys shall not contain more than 0.05-percent phosphorus."
403.9.2,Section 403 (IFGS) Piping Materials,Copper Tubing Joints,,,,,,"Copper tubing joints shall be assembled with approved gas tubing fittings, shall be brazed with a material having a melting point in excess of 1,000°F (538°C) or assembled with press-connect fittings listed in accordance with ANSI LC-4/CSA 6.32. Brazing alloys shall not contain more than 0.05-percent phosphorus."
403.9.3,Section 403 (IFGS) Piping Materials,Stainless Steel Tubing Joints,,,,,,"Stainless steel tubing joints shall be welded, assembled with approved tubing fittings, brazed with a material having a melting point in excess of 1,000°F (578°C), or assembled with press-connect fittings listed in accordance with ANSI LC-4/CSA 6.32."
403.9.4,Section 403 (IFGS) Piping Materials,Flared Joints,,,,,,Flared joints shall be used only in systems constructed from nonferrous pipe and tubing where experience or tests have demonstrated that the joint is suitable for the conditions and where provisions are made in the design to prevent separation of the joints.
403.9.5,Section 403 (IFGS) Piping Materials,Metallic Fittings,,,,,,"Metallic fittings shall comply with the following: Threaded fittings in sizes larger than 4 inches (102 mm) shall not be used.Fittings used with steel, stainless steel or wrought-iron pipe shall be steel, stainless steel, copper alloy, malleable iron or cast iron.Fittings used with copper or copper alloy pipe shall be copper or copper alloy.Fittings used with aluminum-alloy pipe shall be of aluminum alloy.Cast-iron fittings:5.1. Flanges shall be permitted.5.2. Bushings shall not be used.5.3. Fittings shall not be used in systems containing flammable gas-air mixtures.5.4. Fittings in sizes 4 inches (102 mm) and larger shall not be used indoors except where approved.5.5. Fittings in sizes 6 inches (152 mm) and larger shall not be used except where approved.Aluminum-alloy fittings. Threads shall not form the joint seal.Zinc aluminum-alloy fittings. Fittings shall not be used in systems containing flammable gas-air mixtures.Special fittings. Fittings such as couplings, proprietary-type joints, saddle tees, gland-type compression fittings and flared, flareless and compression-type tubing fittings shall be: used within the fitting manufacturer's pressure-temperature recommendations; used within the service conditions anticipated with respect to vibration, fatigue, thermal expansion and contraction; and shall be approved.Where pipe fittings are drilled and tapped in the field, the operation shall be in accordance with all of the following:9.1. The operation shall be performed on systems having operating pressures of 5 psi (34.5 kPa) or less.9.2. The operation shall be performed by the gas supplier or the gas supplier's designated representative.9.3. The drilling and tapping operation shall be performed in accordance with written procedures prepared by the gas supplier.9.4. The fittings shall be located outdoors.9.5. The tapped fitting assembly shall be inspected and proven to be free of leakage."
403.10,Section 403 (IFGS) Piping Materials,"Plastic Pipe, Joints and Fittings",,,,,,"Plastic pipe, tubing and fittings shall be joined in accordance with the manufacturer's instructions. Such joint shall comply with the following: The joint shall be designed and installed so that the longitudinal pull-out resistance of the joint will be greater than or equal to the tensile strength of the plastic piping material.Heat-fusion joints shall be made in accordance with qualified procedures that have been established and proven by test to produce gas-tight joints as strong as or stronger than the pipe or tubing being joined. Joints shall be made with the joining method recommended by the pipe manufacturer. Polyethylene heat fusion fittings shall be marked ""ASTM D2513."" Polyamide heat fusion fittings shall be marked ""ASTM F2945.""Where compression-type mechanical joints are used, the gasket material in the fitting shall be compatible with the plastic piping and with the gas distributed by the system. An internal tubular rigid stiffener shall be used in conjunction with the fitting. The stiffener shall be flush with the end of the pipe or tubing and shall extend to or beyond the outside end of the compression fitting when installed. The stiffener shall be free of rough or sharp edges and shall not be a force-fit in the plastic. Split tubular stiffeners shall not be used.Plastic piping joints and fittings for use in liquefied petroleum gas piping systems shall be in accordance with NFPA 58."
new_403.10.5,Section 403 (IFGS) Piping Materials,Welded Joints,,,,,,"Welded joints shall be performed by a person holding a valid certificate of competency based on the requirements of the ANSI/ASME Boiler and Pressure Vessel Code, Section IX, Brazing and Welding Qualifications. Welded joints shall comply with ASTM 139."
403.11,Section 403 (IFGS) Piping Materials,Flanges,,,,,,Flanges and flange gaskets shall comply with Sections 403.11.1 through 403.11.7.
403.11.1,Section 403 (IFGS) Piping Materials,Cast Iron,,,,,,Cast-iron flanges shall be in accordance with ASME B16.1.
403.11.2,Section 403 (IFGS) Piping Materials,Steel,,,,,,Steel flanges shall be in accordance with ASME B16.5 or ASME B16.47.
403.11.3,Section 403 (IFGS) Piping Materials,Nonferrous,,,,,,Nonferrous flanges shall be in accordance with ASME B16.24.
403.11.4,Section 403 (IFGS) Piping Materials,Ductile Iron,,,,,,Ductile-iron flanges shall be in accordance with ASME B16.42.
403.11.5,Section 403 (IFGS) Piping Materials,Raised Face,,,,,,"Raised face flanges shall not be joined to flat faced cast-iron, ductile-iron or nonferrous material flanges."
403.11.6,Section 403 (IFGS) Piping Materials,Flange Facings,,,,,,"Standard facings shall be permitted for use under this code. Where 150-pound (1034 kPa) pressure-rated steel flanges are bolted to Class 125 cast-iron flanges, the raised face on the steel flange shall be removed."
403.11.7,Section 403 (IFGS) Piping Materials,Lapped Flanges,,,,,,Lapped flanges shall be used only above ground or in exposed locations accessible for inspection.
403.12,Section 403 (IFGS) Piping Materials,Flange Gaskets,,,,,,"Material for gaskets shall be capable of withstanding the design temperature and pressure of the piping system, and the chemical constituents of the gas being conducted, without change to its chemical and physical properties. The effects of fire exposure to the joint shall be considered in choosing material. Acceptable materials include metal (plain or corrugated), composition, aluminum ""O"" rings, spiral wound metal gaskets, rubber-faced phenolic and elastomeric. Where a flanged joint is opened, the gasket shall be replaced. Full-face flange gaskets shall be used with all nonsteel flanges."
403.12.1,Section 403 (IFGS) Piping Materials,Metallic Gaskets,,,,,,Metallic flange gaskets shall be in accordance with ASME B16.20.
403.12.2,Section 403 (IFGS) Piping Materials,Nonmetallic Gaskets,,,,,,Nonmetallic flange gaskets shall be in accordance with ASME B16.21.
404.1,Section 404 (IFGC) Piping System Installation,Installation of Materials,,,,,,"Materials used shall be installed in strict accordance with the standards under which the materials are accepted and approved. In the absence of such installation procedures, the manufacturer's instructions shall be followed. Where the requirements of referenced standards or manufacturer's instructions do not conform to minimum provisions of this code, the provisions of this code shall apply."
404.2,Section 404 (IFGC) Piping System Installation,CSST,,,,,,"CSST piping systems shall be installed in accordance with the terms of their approval, the conditions of listing, the manufacturer's instructions and this code."
404.3,Section 404 (IFGC) Piping System Installation,Prohibited Locations,,,,,,"Piping shall not be installed in or through a ducted supply, return or exhaust, or a clothes chute, chimney or gas vent, dumbwaiter or elevator shaft. Piping installed downstream of the point of delivery shall not extend through any townhouse unit other than the unit served by such piping."
404.4,Section 404 (IFGC) Piping System Installation,Piping in Solid Partitions and Walls,,,,,,"Concealed piping shall not be located in solid partitions and solid walls, unless installed in a chase or casing."
404.5,Section 404 (IFGC) Piping System Installation,Fittings in Concealed Locations,,,,,,"Fittings installed in concealed locations shall be limited to the following types: Threaded elbows, tees, couplings, plugs and caps.Brazed fittings.Welded fittings.Fittings listed to ANSI LC-1/CSA 6.26 or ANSI LC-4/CSA 6.32."
404.6,Section 404 (IFGC) Piping System Installation,Underground Penetrations Prohibited,,,,,,Gas piping shall not penetrate building foundation walls at any point below grade. Gas piping shall enter and exit a building at a point above grade and the annular space between the pipe and the wall shall be sealed.
404.7,Section 404 (IFGC) Piping System Installation,Protection Against Physical Damage,,,,,,"Where piping will be concealed within light-frame construction assemblies, the piping shall be protected against penetration by fasteners in accordance with Sections 404.7.1 through 404.7.3. Exception: Black steel piping and galvanized steel piping shall not be required to be protected."
404.7.1,Section 404 (IFGC) Piping System Installation,Piping Through Holes or Notches,,,,,,"Where piping is installed through holes or notches in framing members and the piping is located less than 11/2 inches (38 mm) from the framing member face to which wall, ceiling or floor membranes will be attached, the pipe shall be protected by shield plates that cover the width of the pipe and the framing member and that extend not less than 4 inches (102 mm) to each side of the framing member. Where the framing member that the piping passes through is a bottom plate, bottom track, top plate or top track, the shield plates shall cover the framing member and extend not less than 4 inches (102 mm) above the bottom framing member and not less than 4 inches (102 mm) below the top framing member."
404.7.2,Section 404 (IFGC) Piping System Installation,Piping Installed in Other Locations,,,,,,"Where the piping is located within a framing member and is less than 11/2 inches (38 mm) from the framing member face to which wall, ceiling or floor membranes will be attached, the piping shall be protected by shield plates that cover the width and length of the piping. Where the piping is located outside of a framing member and is located less than 11/2 inches (38 mm) from the nearest edge of the face of the framing member to which the membrane will be attached, the piping shall be protected by shield plates that cover the width and length of the piping."
404.7.3,Section 404 (IFGC) Piping System Installation,Shield Plates,,,,,,Shield plates shall be of steel material having a thickness of not less than 0.0575 inch (1.463 mm) (No. 16 gage).
404.8,Section 404 (IFGC) Piping System Installation,Piping in Solid Floors,,,,,,"Piping in solid floors shall be laid in channels in the floor and covered in a manner that will allow access to the piping with a minimum amount of damage to the building. Where such piping is subject to exposure to excessive moisture or corrosive substances, the piping shall be protected in an approved manner. As an alternative to installation in channels, the piping shall be installed in a conduit of Schedule 40 steel, wrought iron, PVC or ABS pipe in accordance with Section 404.8.1 or 404.8.2."
404.8.1,Section 404 (IFGC) Piping System Installation,Conduit With One End Terminating Outdoors,,,,,,"The conduit shall extend into an occupiable portion of the building and, at the point where the conduit terminates in the building, the space between the conduit and the gas piping shall be sealed to prevent the possible entrance of any gas leakage. The conduit shall extend not less than 2 inches (51 mm) beyond the point where the pipe emerges from the floor. If the end sealing is capable of withstanding the full pressure of the gas pipe, the conduit shall be designed for the same pressure as the pipe. Such conduit shall extend not less than 4 inches (102 mm) outside the building, shall be vented above grade to the outdoors and shall be installed so as to prevent the entrance of water and insects."
404.8.2,Section 404 (IFGC) Piping System Installation,Conduit With Both Ends Terminating Indoors,,,,,,"Where the conduit originates and terminates within the same building, the conduit shall originate and terminate in an accessible portion of the building and shall not be sealed. The conduit shall extend not less than 2 inches (51 mm) beyond the point where the pipe emerges from the floor."
404.9,Section 404 (IFGC) Piping System Installation,Above-Ground Outdoor Piping,,,,,,"Piping installed outdoors shall be elevated not less than 31/2 inches (89 mm) above ground and where installed across roof surfaces, shall be elevated not less than 31/2 inches (89 mm) above the roof surface. Piping installed above ground, outdoors, and installed across the surface of roofs shall be securely supported and located where it will be protected from physical damage. Where passing through an outside wall, the piping shall be protected against corrosion by coating or wrapping with an inert material. Where piping is encased in a protective pipe sleeve, the annular space between the piping and the sleeve shall be sealed."
404.10,Section 404 (IFGC) Piping System Installation,Isolation,,,,,,"Metallic piping and metallic tubing that conveys fuel gas from an LP-gas storage container shall be provided with an approved dielectric fitting to electrically isolate the underground portion of the pipe or tube from the above-ground portion that enters a building. Such dielectric fitting shall be installed above ground, outdoors."
404.11,Section 404 (IFGC) Piping System Installation,Protection Against Corrosion,,,,,,"Steel pipe or tubing exposed to corrosive action, such as soil conditions or moisture, shall be protected in accordance Sections 404.11.1 through 404.11.4."
404.11.1,Section 404 (IFGC) Piping System Installation,Galvanizing,,,,,,Zinc coating shall not be deemed adequate protection for underground gas piping.
404.11.2,Section 404 (IFGC) Piping System Installation,Protection Methods,,,,,,"Underground piping shall comply with one or more of the following: The piping shall be made of corrosion-resistant material that is suitable for the environment in which it will be installed.Pipe shall have a factory-applied, electrically-insulating coating. Fittings and joints between sections of coated pipe shall be coated in accordance with the coating manufacturer's instructions.The piping shall have a cathodic protection system installed and the system shall be monitored and maintained in accordance with an approved program."
404.11.3,Section 404 (IFGC) Piping System Installation,Dissimilar Metals,,,,,,"Where dissimilar metals are joined underground, an insulating coupling or fitting shall be used."
404.11.4,Section 404 (IFGC) Piping System Installation,Protection of Risers,,,,,,"Steel risers connected to plastic piping shall be cathodically protected by means of a welded anode, except where such risers are anodeless risers."
404.12,Section 404 (IFGC) Piping System Installation,Minimum Burial Depth,,,,,,"Underground piping systems shall be installed a minimum depth of 12 inches (305 mm) below grade, except as provided for in Section 404.12.1."
404.12.1,Section 404 (IFGC) Piping System Installation,Individual Outdoor Appliances,,,,,,"Individual lines to outdoor lights, grills and other appliances shall be installed not less than 8 inches (203 mm) below finished grade, provided that such installation is approved and is installed in locations not susceptible to physical damage."
404.13,Section 404 (IFGC) Piping System Installation,Trenches,,,,,,"The trench shall be graded so that the pipe has a firm, substantially continuous bearing on the bottom of the trench."
404.14,Section 404 (IFGC) Piping System Installation,Piping Underground Beneath Buildings,,,,,,"Piping installed underground beneath buildings is prohibited except where the piping is encased in a conduit of wrought iron, plastic pipe, steel pipe, a piping or encasement system listed for installation beneath buildings, or other approved conduit material designed to withstand the superimposed loads. The conduit shall be protected from corrosion in accordance with Section 404.11 and shall be installed in accordance with Section 404.14.1 or 404.14.2."
404.14.2,Section 404 (IFGC) Piping System Installation,Conduit With Both Ends Terminating Indoors,,,,,,"Where the conduit originates and terminates within the same building, the conduit shall originate and terminate in an accessible portion of the building and shall not be sealed. The conduit shall extend not less than 2 inches (51 mm) beyond the point where the pipe emerges from the floor."
404.15,Section 404 (IFGC) Piping System Installation,Outlet Closures,,,,,,Gas outlets that do not connect to appliances shall be capped gastight. Exception: Listed and labeled flush-mounted-type quick-disconnect devices and listed and labeled gas convenience outlets shall be installed in accordance with the manufacturer's instructions.
404.16,Section 404 (IFGC) Piping System Installation,Location of Outlets,,,,,,"The unthreaded portion of piping outlets shall extend not less than 1 inch (25 mm) through finished ceilings and walls and where extending through floors or outdoor patios and slabs, shall be not less than 2 inches (51 mm) above them. The outlet fitting or piping shall be securely supported. Outlets shall not be placed behind doors. Outlets shall be located in the room or space where the appliance is installed.Exception: Listed and labeled flush-mounted-type quick-disconnect devices and listed and labeled gas convenience outlets shall be installed in accordance with the manufacturer's instructions."
404.17,Section 404 (IFGC) Piping System Installation,Plastic Pipe,,,,,,The installation of plastic pipe shall comply with Sections 404.17.1 through 404.17.3.
404.17.1,Section 404 (IFGC) Piping System Installation,Limitations,,,,,,"Plastic pipe shall be installed outdoors underground only. Plastic pipe shall not be used within or under any building or slab or be operated at pressures greater than 100 psig (689 kPa) for natural gas or 30 psig (207 kPa) for LP-gas. Exceptions: Plastic pipe shall be permitted to terminate above ground outside of buildings where installed in premanufactured anodeless risers or service head adapter risers that are installed in accordance with the manufacturer's instructions.Plastic pipe shall be permitted to terminate with a wall head adapter within buildings where the plastic pipe is inserted in a piping material for fuel gas use in buildings.Plastic pipe shall be permitted under outdoor patio, walkway and driveway slabs provided that the burial depth complies with Section 404.12."
404.17.2,Section 404 (IFGC) Piping System Installation,Connections,,,,,,Connections made outdoors and underground between metallic and plastic piping shall be made only with transition fittings conforming to ASTM D2513 Category I or ASTM F1973.
404.17.3,Section 404 (IFGC) Piping System Installation,Tracer,,,,,,"A yellow insulated copper tracer wire or other approved conductor, or a product specifically designed for that purpose, shall be installed adjacent to underground nonmetallic piping. Access shall be provided to the tracer wire or the tracer wire shall terminate above ground at each end of the nonmetallic piping. The tracer wire size shall be not less than 18 AWG and the insulation type shall be suitable for direct burial."
404.18,Section 404 (IFGC) Piping System Installation,Pipe Debris Removal,,,,,,The interior of piping shall be clear of debris. The use of a flammable or combustible gas to clean or remove debris from a piping system shall be prohibited.
404.19,Section 404 (IFGC) Piping System Installation,Prohibited Devices,,,,,,A device shall not be placed inside the piping or fittings that will reduce the cross-sectional area or otherwise obstruct the free flow of gas. Exceptions:Approved gas filters.An approved fitting or device where the gas piping system has been sized to accommodate the pressure drop of the fitting or device.
404.20,Section 404 (IFGC) Piping System Installation,Testing of Piping,,,,,,"Before any system of piping is put in service or concealed, it shall be tested to ensure that it is gastight. Testing, inspection and purging of piping systems shall comply with Section 406."
405.1,Section 405 (IFGS) Piping Bends and Changes in Direction,General,,,,,,"Changes in direction of pipe shall be permitted to be made by the use of fittings, factory bends or field bends."
405.2,Section 405 (IFGS) Piping Bends and Changes in Direction,Metallic Pipe,,,,,,"Metallic pipe bends shall comply with the following:Bends shall be made only with bending tools and procedures intended for that purpose.Bends shall be smooth and free from buckling, cracks or other evidence of mechanical damage.The longitudinal weld of the pipe shall be near the neutral axis of the bend.Pipe shall not be bent through an arc of more than 90 degrees (1.6 rad).The inside radius of a bend shall be not less than six times the outside diameter of the pipe."
405.3,Section 405 (IFGS) Piping Bends and Changes in Direction,Plastic Pipe,,,,,,"Plastic pipe bends shall comply with the following:The pipe shall not be damaged and the internal diameter of the pipe shall not be effectively reduced.Joints shall not be located in pipe bends.The radius of the inner curve of such bends shall be not less than 25 times the inside diameter of the pipe or in accordance with the manufacturer's instructions.Where the piping manufacturer specifies the use of special bending tools or procedures, such tools or procedures shall be used."
405.4,Section 405 (IFGS) Piping Bends and Changes in Direction,Elbows,,,,,,Factory-made welding elbows or transverse segments cut therefrom shall have an arc length measured along the crotch of not less than 1 inch (25 mm) in pipe sizes 2 inches (51 mm) and larger.
406.1,"Section 406 (IFGS) Inspection, Testing and Purging",General,,,,,,"Prior to acceptance and initial operation, all piping installations shall be visually inspected and pressure tested to determine that the materials, design, fabrication and installation practices comply with the requirements of this code. Inspection and pressure testing shall apply to all temporary installations connected to a primary or temporary fuel gas source, natural or LP gas, for the purpose of supplying temporary heat."
406.1.1,"Section 406 (IFGS) Inspection, Testing and Purging",Inspections,,,,,,"Inspection shall consist of visual examination during or after manufacture, fabrication, assembly or pressure tests."
406.1.2,"Section 406 (IFGS) Inspection, Testing and Purging",Repairs and Additions,,,,,,"In the event repairs or additions are made after the pressure test, the affected piping shall be tested.Minor repairs and additions are not required to be pressure tested provided that the work is inspected and connections are tested with a noncorrosive leak-detecting fluid or other approved leak-detecting methods."
406.1.3,"Section 406 (IFGS) Inspection, Testing and Purging",New Branches,,,,,,"Where new branches are installed to new appliances, only the newly installed branches shall be required to be pressure tested. Connections between the new piping and the existing piping shall be tested with a noncorrosive leak-detecting fluid or other approved leak-detecting methods."
406.1.4,"Section 406 (IFGS) Inspection, Testing and Purging",Section Testing,,,,,,"A piping system shall be permitted to be tested as a complete unit or in sections. A valve in a line shall not be used as a bulkhead between gas in one section of the piping system and test medium in an adjacent section, except where a double block and bleed valve system is installed. A valve shall not be subjected to the test pressure unless it can be determined that the valve, including the valve-closing mechanism, is designed to safely withstand the test pressure."
406.1.5,"Section 406 (IFGS) Inspection, Testing and Purging",Regulators and Valve Assemblies,,,,,,Regulator and valve assemblies fabricated independently of the piping system in which they are to be installed shall be permitted to be tested with inert gas or air at the time of fabrication.
406.1.6,"Section 406 (IFGS) Inspection, Testing and Purging",Pipe Clearing,,,,,,"Prior to testing, the interior of the pipe shall be cleared of all foreign material."
406.2,"Section 406 (IFGS) Inspection, Testing and Purging",Test Medium,,,,,,"The test medium shall be air, nitrogen, carbon dioxide or an inert gas. Oxygen shall not be used as a test medium."
406.3,"Section 406 (IFGS) Inspection, Testing and Purging",Test Preparation,,,,,,"Pipe joints, including welds, shall be left exposed for examination during the test.Exception: Covered or concealed pipe end joints that have been previously tested in accordance with this code."
406.3.1,"Section 406 (IFGS) Inspection, Testing and Purging",Expansion Joints,,,,,,"Expansion joints shall be provided with temporary restraints, if required, for the additional thrust load under test."
406.3.2,"Section 406 (IFGS) Inspection, Testing and Purging",Appliance and Equipment Isolation,,,,,,"Appliances and equipment that are not to be included in the test shall be either disconnected from the piping or isolated by blanks, blind flanges or caps. Flanged joints at which blinds are inserted to blank off other equipment during the test shall not be required to be tested."
406.3.3,"Section 406 (IFGS) Inspection, Testing and Purging",Appliance and Equipment Disconnection,,,,,,"Where the piping system is connected to appliances or equipment designed for operating pressures of less than the test pressure, such appliances or equipment shall be isolated from the piping system by disconnecting them and capping the outlet(s)."
406.3.4,"Section 406 (IFGS) Inspection, Testing and Purging",Valve Isolation,,,,,,"Where the piping system is connected to appliances or equipment designed for operating pressures equal to or greater than the test pressure, such appliances or equipment shall be isolated from the piping system by closing the individual appliance or equipment shutoff valve(s)."
406.3.5,"Section 406 (IFGS) Inspection, Testing and Purging",Testing Precautions,,,,,,Testing of piping systems shall be performed in a manner that protects the safety of employees and the public during the test.
406.4,"Section 406 (IFGS) Inspection, Testing and Purging",Test Pressure Measurement,,,,,,"Test pressure shall be measured with a manometer or with a pressure-measuring device designed and calibrated to read, record or indicate a pressure loss caused by leakage during the pressure test period. The source of pressure shall be isolated before the pressure tests are made. Mechanical gauges used to measure test pressures shall have a range such that the highest end of the scale is not greater than five times the test pressure."
406.4.1,"Section 406 (IFGS) Inspection, Testing and Purging",Test Pressure,,,,,,"The test pressure to be used shall be not less than 11/2 times the proposed maximum working pressure, but not less than 3 psig (20 kPa gauge), irrespective of design pressure. Where the test pressure exceeds 125 psig (862 kPa gauge), the test pressure shall not exceed a value that produces a hoop stress in the piping greater than 50 percent of the specified minimum yield strength of the pipe."
406.4.2,"Section 406 (IFGS) Inspection, Testing and Purging",Test Duration,,,,,,"Test duration shall be not less than 1/2 hour for each 500 cubic feet (14 m3) of pipe volume or fraction thereof. When testing a system having a volume less than 10 cubic feet (0.28 m3) or a system in a single-family dwelling, the test duration shall be not less than 10 minutes. The duration of the test shall not be required to exceed 24 hours."
406.5,"Section 406 (IFGS) Inspection, Testing and Purging",Detection of Leaks and Defects,,,,,,The piping system shall withstand the test pressure specified without showing any evidence of leakage or other defects.Any reduction of test pressures as indicated by pressure gauges shall be deemed to indicate the presence of a leak unless such reduction can be readily attributed to some other cause.
406.5.1,"Section 406 (IFGS) Inspection, Testing and Purging",Detection Methods,,,,,,"The leakage shall be located by means of an approved gas detector, a noncorrosive leak detection fluid or other approved leak detection methods."
406.5.2,"Section 406 (IFGS) Inspection, Testing and Purging",Corrections,,,,,,"Where leakage or other defects are located, the affected portion of the piping system shall be repaired or replaced and retested."
406.6,"Section 406 (IFGS) Inspection, Testing and Purging",Piping System and Equipment Leakage Check,,,,,,Leakage checking of systems and equipment shall be in accordance with Sections 406.6.1 through 406.6.4.
406.6.1,"Section 406 (IFGS) Inspection, Testing and Purging",Test Gases,,,,,,Leak checks using fuel gas shall be permitted in piping systems that have been pressure tested in accordance with Section 406.
406.6.2,"Section 406 (IFGS) Inspection, Testing and Purging",Before Turning Gas On,,,,,,"During the process of turning gas on into a system of new gas piping, the entire system shall be inspected to determine that there are no open fittings or ends and that all valves at unused outlets are closed and plugged or capped."
406.6.3,"Section 406 (IFGS) Inspection, Testing and Purging",Leak Check,,,,,,"Immediately after the gas is turned on into a new system or into a system that has been initially restored after an interruption of service, the piping system shall be checked for leakage. Where leakage is indicated, the gas supply shall be shut off until the necessary repairs have been made."
406.6.4,"Section 406 (IFGS) Inspection, Testing and Purging",Placing Appliances and Equipment in Operation,,,,,,"Appliances and equipment shall not be placed in operation until after the piping system has been checked for leakage in accordance with Section 406.6.3, the piping system has been purged in accordance with Section 406.7 and the connections to the appliances have been checked for leakage."
406.7,"Section 406 (IFGS) Inspection, Testing and Purging",Purging,,,,,,The purging of piping shall be in accordance with Sections 406.7.1 through 406.7.3.
406.7.1,"Section 406 (IFGS) Inspection, Testing and Purging",Piping Systems Required to Be Purged Outdoors,,,,,,The purging of piping systems shall be in accordance with the provisions of Sections 406.7.1.1 through 406.7.1.4 where the piping system meets either of the following: The design operating gas pressure is greater than 2 psig (13.79 kPa).The piping being purged contains one or more sections of pipe or tubing meeting the size and length criteria of Table 406.7.1.1.
406.7.1.1,"Section 406 (IFGS) Inspection, Testing and Purging",Removal From Service,,,,,,"Where existing gas piping is opened, the section that is opened shall be isolated from the gas supply and the line pressure vented in accordance with Section 406.7.1.3. Where gas piping meeting the criteria of Table 406.7.1.1 is removed from service, the residual fuel gas in the piping shall be displaced with an inert gas.TABLE 406.7.1.1SIZE AND LENGTH OF PIPINGNOMINAL PIPE SIZE (inches)aLENGTH OF PIPING (feet)≥ 21/2 < 3> 50≥ 3 < 4> 30≥ 4 < 6> 15≥ 6 < 8> 10≥ 8Any lengthFor SI: 1 inch = 25.4 mm, 1 foot = 304.8 mm.CSST EHD size of 62 is equivalent to nominal 2-inch pipe or tubing size."
406.7.1.2,"Section 406 (IFGS) Inspection, Testing and Purging",Placing in Operation,,,,,,"Where gas piping containing air and meeting the criteria of Table 406.7.1.1 is placed in operation, the air in the piping shall first be displaced with an inert gas. The inert gas shall then be displaced with fuel gas in accordance with Section 406.7.1.3."
406.7.1.3,"Section 406 (IFGS) Inspection, Testing and Purging",Outdoor Discharge of Purged Gases,,,,,,"The open end of a piping system being pressure vented or purged shall discharge directly to an outdoor location. Purging operations shall comply with all of the following requirements: The point of discharge shall be controlled with a shutoff valve.The point of discharge shall be located not less than 10 feet (3048 mm) from sources of ignition, not less than 10 feet (3048 mm) from building openings and not less than 25 feet (7620 mm) from mechanical air intake openings.During discharge, the open point of discharge shall be continuously attended and monitored with a combustible gas indicator that complies with Section 406.7.1.4.Purging operations introducing fuel gas shall be stopped when 90 percent fuel gas by volume is detected within the pipe.Persons not involved in the purging operations shall be evacuated from all areas within 10 feet (3048 mm) of the point of discharge."
406.7.1.4,"Section 406 (IFGS) Inspection, Testing and Purging",Combustible Gas Indicator,,,,,,Combustible gas indicators shall be listed and shall be calibrated in accordance with the manufacturer's instructions. Combustible gas indicators shall numerically display a volume scale from zero percent to 100 percent in 1-percent or smaller increments.
406.7.2,"Section 406 (IFGS) Inspection, Testing and Purging",Piping Systems Allowed to Be Purged Indoors or Outdoors,,,,,,The purging of piping systems shall be in accordance with the provisions of Section 406.7.2.1 where the piping system meets both of the following: The design operating gas pressure is 2 psig (13.79 kPa) or less.The piping being purged is constructed entirely from pipe or tubing not meeting the size and length criteria of Table 406.7.1.1.
406.7.2.1,"Section 406 (IFGS) Inspection, Testing and Purging",Purging Procedure,,,,,,"The piping system shall be purged in accordance with one or more of the following: The piping shall be purged with fuel gas and shall discharge to the outdoors.The piping shall be purged with fuel gas and shall discharge to the indoors or outdoors through an appliance burner not located in a combustion chamber. Such burner shall be provided with a continuous source of ignition.The piping shall be purged with fuel gas and shall discharge to the indoors or outdoors through a burner that has a continuous source of ignition and that is designed for such purpose.The piping shall be purged with fuel gas that is discharged to the indoors or outdoors, and the point of discharge shall be monitored with a listed combustible gas detector in accordance with Section 406.7.2.2. Purging shall be stopped when fuel gas is detected.The piping shall be purged by the gas supplier in accordance with written procedures."
406.7.2.2,"Section 406 (IFGS) Inspection, Testing and Purging",Combustible Gas Detector,,,,,,Combustible gas detectors shall be listed and shall be calibrated or tested in accordance with the manufacturer's instructions. Combustible gas detectors shall be capable of indicating the presence of fuel gas.
406.7.3,"Section 406 (IFGS) Inspection, Testing and Purging",Purging Appliances and Equipment,,,,,,"After the piping system has been placed in operation, appliances and equipment shall be purged before being placed into operation."
407.1,Section 407 (IFGC) Piping Support,General,,,,,,Piping shall be provided with support in accordance with Section 407.2.
407.2,Section 407 (IFGC) Piping Support,Design and Installation,,,,,,"Piping shall be supported with metal pipe hooks, metal pipe straps, metal bands, metal brackets, metal hangers or building structural components, suitable for the size of piping, of adequate strength and quality, and located at intervals so as to prevent or damp out excessive vibration. Piping shall be anchored to prevent undue strains on connected appliances and shall not be supported by other piping. Pipe hangers and supports shall conform to the requirements of MSS SP-58 and shall be spaced in accordance with Section 415. Supports, hangers and anchors shall be installed so as not to interfere with the free expansion and contraction of the piping between anchors. The components of the supporting equipment shall be designed and installed so that they will not be disengaged by movement of the supported piping."
408.1,Section 408 (IFGC) Drips and Sloped Piping,Slopes,,,,,,Piping for other than dry gas conditions shall be sloped not less than 1/4 inch in 15 feet (6.3 mm in 4572 mm) to prevent traps.
408.2,Section 408 (IFGC) Drips and Sloped Piping,Drips,,,,,,"Where wet gas exists, a drip shall be provided at any point in the line of pipe where condensate could collect. A drip shall be provided at the outlet of the meter and shall be installed so as to constitute a trap wherein an accumulation of condensate will shut off the flow of gas before the condensate will run back into the meter."
408.3,Section 408 (IFGC) Drips and Sloped Piping,Location of Drips,,,,,,Drips shall be provided with ready access to permit cleaning or emptying. A drip shall not be located where the condensate is subject to freezing.
408.4,Section 408 (IFGC) Drips and Sloped Piping,Sediment Trap,,,,,,"Where a sediment trap is not incorporated as part of the appliance, a sediment trap shall be installed downstream of the appliance shutoff valve as close to the inlet of the appliance as practical. The sediment trap shall be either a tee fitting having a capped nipple of any length installed vertically in the bottommost opening of the tee as illustrated in Figure 408.4 or other device approved as an effective sediment trap. Illuminating appliances, ranges, clothes dryers, decorative vented appliances for installation in vented fireplaces, gas fireplaces and outdoor grills need not be so equipped. FIGURE 408.4METHOD OF INSTALLING A TEE FITTING SEDIMENT TRAP"
409.1,Section 409 (IFGC) Shutoff Valves,General,,,,,,Piping systems shall be provided with shutoff valves in accordance with this section.
409.1.1,Section 409 (IFGC) Shutoff Valves,Valve Approval,,,,,,"Shutoff valves shall be of an approved type; shall be constructed of materials compatible with the piping; and shall comply with the standard that is applicable for the pressure and application, in accordance with Table 409.1.1. TABLE 409.1.1MANUAL GAS VALVE STANDARDS VALVE STANDARDS APPLIANCE SHUTOFF VALVE APPLICATION UP TO 1/2 psig PRESSURE OTHER VALVE APPLICATIONS UP TO 1/2 psig PRESSURE UP TO 2 psig PRESSURE UP TO 5 psig PRESSURE UP TO 125 psig PRESSURE ANSI Z21.15/CGA 9.1 X — — — — ASME B16.44 X X Xa Xb — ASME B16.33 X X X X X For SI: 1 pound per square inch gauge = 6.895 kPa.If labeled 2G.If labeled 5G."
409.1.2,Section 409 (IFGC) Shutoff Valves,Prohibited Locations,,,,,,Shutoff valves shall be prohibited in concealed locations and furnace plenums.
409.1.3,Section 409 (IFGC) Shutoff Valves,Access to Shutoff Valves,,,,,,Shutoff valves shall be located in places so as to provide access for operation and shall be installed so as to be protected from damage.
409.2,Section 409 (IFGC) Shutoff Valves,Meter Valve,,,,,,Every meter shall be equipped with a shutoff valve located on the supply side of the meter.
409.3,Section 409 (IFGC) Shutoff Valves,Shutoff Valves for Multiple-House Line Systems,,,,,,"Where a single meter is used to supply gas to more than one building or tenant, a separate shutoff valve shall be provided for each building or tenant."
409.3.1,Section 409 (IFGC) Shutoff Valves,Multiple-Tenant Buildings,,,,,,"In multiple-tenant buildings, where a common piping system is installed to supply other than one- and two-family dwellings, shutoff valves shall be provided for each tenant. Each tenant shall have access to the shutoff valve serving that tenant's space."
409.3.2,Section 409 (IFGC) Shutoff Valves,Individual Buildings,,,,,,"In a common system serving more than one building, shutoff valves shall be installed outdoors at each building."
409.3.3,Section 409 (IFGC) Shutoff Valves,Identification of Shutoff Valves,,,,,,Each house line shutoff valve shall be plainly marked with an identification tag attached by the installer so that the piping systems supplied by such valves are readily identified.
409.4,Section 409 (IFGC) Shutoff Valves,MP Regulator Valves,,,,,,A listed shutoff valve shall be installed immediately ahead of each MP regulator.
409.5,Section 409 (IFGC) Shutoff Valves,Appliance Shutoff Valve,,,,,,"Each appliance shall be provided with a shutoff valve in accordance with Section 409.5.1, 409.5.2 or 409.5.3."
409.5.1,Section 409 (IFGC) Shutoff Valves,Located Within Same Room,,,,,,"The shutoff valve shall be located in the same room as the appliance. The shutoff valve shall be within 6 feet (1829 mm) of the appliance, and shall be installed upstream of the union, connector or quick disconnect device it serves. Such shutoff valves shall be provided with access. Shutoff valves serving movable appliances, such as cooking appliances and clothes dryers, shall be considered to be provided with access where installed behind such appliances. Appliance shutoff valves located in the firebox of a fireplace shall be installed in accordance with the appliance manufacturer's instructions."
409.5.2,Section 409 (IFGC) Shutoff Valves,Vented Decorative Appliances and Room Heaters,,,,,,"Shutoff valves for vented decorative appliances, room heaters and decorative appliances for installation in vented fireplaces shall be permitted to be installed in an area remote from the appliances where such valves are provided with ready access. Such valves shall be permanently identified and shall not serve another appliance. The piping from the shutoff valve to within 6 feet (1829 mm) of the appliance shall be designed, sized and installed in accordance with Sections 401 through 408."
409.6,Section 409 (IFGC) Shutoff Valves,Shutoff Valve for Laboratories,,,,,,"Where provided with two or more fuel gas outlets, including table-, bench- and hood-mounted outlets, each laboratory space in educational, research, commercial and industrial occupancies shall be provided with a single dedicated shutoff valve through which all such gas outlets shall be supplied. The dedicated shutoff valve shall be readily accessible, located within the laboratory space served, located adjacent to the egress door from the space and shall be identified by approved signage stating ""Gas Shutoff."""
new_409.6.1,Section 409 (IFGC) Shutoff Valves,Electric Solenoid Valve,,,,,,"A remotely located electric solenoid emergency shutoff valve may be used for compliance to Section 409.6, when all the following requirements are met.The emergency control shutoff ""panic button"" shall be readily accessible, located within the laboratory space served, adjacent to the egress door from the space and shall be identified by approved signage stating ""Gas Shutoff"".The gas solenoid valve shall be a ""normally closed"" type valve with a manual reset."
409.7,Section 409 (IFGC) Shutoff Valves,Shutoff Valves in Tubing Systems,,,,,,Shutoff valves installed in tubing systems shall be rigidly and securely supported independently of the tubing.
410.1,Section 410 (IFGC) Flow Controls,Pressure Regulators,,,,,,A line pressure regulator shall be installed where the appliance is designed to operate at a lower pressure than the supply pressure. Line gas pressure regulators shall be listed as complying with ANSI Z21.80/CSA 6.22. Access shall be provided to pressure regulators. Pressure regulators shall be protected from physical damage. Regulators installed on the exterior of the building shall be approved for outdoor installation.
410.2,Section 410 (IFGC) Flow Controls,MP Regulators,,,,,,"MP pressure regulators shall comply with the following: The MP regulator shall be approved and shall be suitable for the inlet and outlet gas pressures for the application.The MP regulator shall maintain a reduced outlet pressure under lock-up (no-flow) conditions.The capacity of the MP regulator, determined by published ratings of its manufacturer, shall be adequate to supply the appliances served.The MP pressure regulator shall be provided with access. Where located indoors, the regulator shall be vented to the outdoors or shall be equipped with a leak-limiting device, in either case complying with Section 410.3.A tee fitting with one opening capped or plugged shall be installed between the MP regulator and its upstream shutoff valve. Such tee fitting shall be positioned to allow connection of a pressure-measuring instrument and to serve as a sediment trap.A tee fitting with one opening capped or plugged shall be installed not less than 10 pipe diameters downstream of the MP regulator outlet. Such tee fitting shall be positioned to allow connection of a pressure-measuring instrument. The tee fitting is not required where the MP regulator serves an appliance that has a pressure test port on the gas control inlet side and the appliance is located in the same room as the MP regulator.Where connected to rigid piping, a union shall be installed within 1 foot (304 mm) of either side of the MP regulator."
410.3,Section 410 (IFGC) Flow Controls,Venting of Regulators,,,,,,"Pressure regulators that require a vent shall be vented directly to the outdoors. The vent shall be designed to prevent the entry of insects, water and foreign objects. Exception: A vent to the outdoors is not required for regulators equipped with and labeled for utilization with an approved vent-limiting device installed in accordance with the manufacturer's instructions."
410.3.1,Section 410 (IFGC) Flow Controls,Vent Piping,,,,,,Vent piping for relief vents and breather vents shall be constructed of materials allowed for gas piping in accordance with Section 403. Vent piping shall be not smaller than the vent connection on the pressure-regulating device. Vent piping serving relief vents and combination relief and breather vents shall be run independently to the outdoors and shall serve only a single device vent. Vent piping serving only breather vents is permitted to be connected in a manifold arrangement where sized in accordance with an approved design that minimizes backpressure in the event of diaphragm rupture. Regulator vent piping shall not exceed the length specified in the regulator manufacturer's instructions.
410.4,Section 410 (IFGC) Flow Controls,Excess Flow Valves,,,,,,"Where automatic excess flow valves are installed, they shall be listed in accordance with ANSI Z21.93/CSA 6.30 and shall be sized and installed in accordance with the manufacturer's instructions."
410.5,Section 410 (IFGC) Flow Controls,Flashback Arrestor Check Valve,,,,,,"Where fuel gas is used with oxygen in any hot work operation, a listed protective device that serves as a combination flashback arrestor and backflow check valve shall be installed at an approved location on both the fuel gas and oxygen supply lines. Where the pressure of the piped fuel gas supply is insufficient to ensure such safe operation, approved equipment shall be installed between the gas meter and the appliance that increases pressure to the level required for such safe operation."
411.1,Section 411 (IFGC) Appliance and Manufactured Home Connections,Connecting Appliances,,,,,,"Except as required by Section 411.1.1, appliances shall be connected to the piping system by one of the following: Rigid metallic pipe and fittings.Corrugated stainless steel tubing (CSST) where installed in accordance with the manufacturer's instructions.Semirigid metallic tubing and metallic fittings. Lengths shall not exceed 6 feet (1829 mm) and shall be located entirely in the same room as the appliance. Semirigid metallic tubing shall not enter a motor-operated appliance through an unprotected knockout opening.Listed and labeled appliance connectors in compliance with ANSI Z21.24/CGA 6.10 and installed in accordance with the manufacturer's instructions and located entirely in the same room as the appliance.Listed and labeled quick-disconnect devices in compliance with ANSI Z21.41/CGA 6.9 used in conjunction with listed and labeled appliance connectors.Listed and labeled convenience outlets in compliance with ANSI Z21.90/CGA 6.24 used in conjunction with listed and labeled appliance connectors.Listed and labeled outdoor appliance connectors in compliance with ANSI Z21.75/CSA 6.27 and installed in accordance with the manufacturer's instructions.Listed outdoor gas hose connectors in compliance with ANSI Z21.54 used to connect portable outdoor appliances. The gas hose connection shall be made only in the outdoor area where the appliance is used, and shall be to the gas piping supply at an appliance shutoff valve, a listed quick-disconnect device or listed gas convenience outlet.Gas hose connectors for use in laboratories and educational facilities in accordance with Section 411.4.Gas turrets for use in school or laboratory science rooms can be considered an appliance and may be allowed to be connected by an approved appliance connector in accordance with ANSI Z21.24 that is installed downstream of a shutoff valve as approved in Section 409."
411.1.1,Section 411 (IFGC) Appliance and Manufactured Home Connections,Commercial Cooking Appliances,,,,,,Commercial cooking appliances installed on casters and appliances that are moved for cleaning and sanitation purposes shall be connected to the piping system with an appliance connector listed as complying with ANSI Z21.69/CSA 6.16. The commercial cooking appliance connector installation shall be configured in accordance with the manufacturer's instructions. Movement of appliances with casters shall be limited by a restraining device installed in accordance with the connector and appliance manufacturer's instructions.
411.1.2,Section 411 (IFGC) Appliance and Manufactured Home Connections,Protection Against Damage,,,,,,Connectors and tubing shall be installed so as to be protected against physical damage.
411.1.3,Section 411 (IFGC) Appliance and Manufactured Home Connections,Connector Installation,,,,,,Appliance fuel connectors shall be installed in accordance with the manufacturer's instructions and Sections 411.1.3.1 through 411.1.3.4.
411.1.3.1,Section 411 (IFGC) Appliance and Manufactured Home Connections,Maximum Length,,,,,,"Connectors shall have an overall length not to exceed 6 feet (1829 mm). Measurement shall be made along the centerline of the connector. Only one connector shall be used for each appliance. Exception: Rigid metallic piping used to connect an appliance to the piping system shall be permitted to have a total length greater than 6 feet (1829 mm), provided that the connecting pipe is sized as part of the piping system in accordance with Section 402 and the location of the appliance shutoff valve complies with Section 409.5."
411.1.3.2,Section 411 (IFGC) Appliance and Manufactured Home Connections,Minimum Size,,,,,,Connectors shall have the capacity for the total demand of the connected appliance.
411.1.3.3,Section 411 (IFGC) Appliance and Manufactured Home Connections,Prohibited Locations and Penetrations,,,,,,"Connectors shall not be concealed within, or extended through, walls, floors, partitions, ceilings or appliance housings. Exceptions: Connectors constructed of materials allowed for piping systems in accordance with Section 403 shall be permitted to pass through walls, floors, partitions and ceilings where installed in accordance with Section 409.5.2 or 409.5.3.Rigid steel pipe connectors shall be permitted to extend through openings in appliance housings.Fireplace inserts that are factory equipped with grommets, sleeves or other means of protection in accordance with the listing of the appliance.Semirigid tubing and listed connectors shall be permitted to extend through an opening in an appliance housing, cabinet or casing where the tubing or connector is protected against damage."
411.1.3.4,Section 411 (IFGC) Appliance and Manufactured Home Connections,Shutoff Valve,,,,,,A shutoff valve not less than the nominal size of the connector shall be installed ahead of the connector in accordance with Section 409.5.
411.1.4,Section 411 (IFGC) Appliance and Manufactured Home Connections,Movable Appliances,,,,,,"Where appliances are equipped with casters or are otherwise subject to periodic movement or relocation for purposes such as routine cleaning and maintenance, such appliances shall be connected to the supply system piping by means of an appliance connector listed as complying with ANSI Z21.69/CSA 6.16 or by means of Item 1 of Section 411.1. Such flexible connectors shall be installed and protected against physical damage in accordance with the manufacturer's instructions."
411.1.5,Section 411 (IFGC) Appliance and Manufactured Home Connections,(IFGS) Connection of Gas Engine-Powered Air Conditioners,,,,,,Internal combustion engines shall not be rigidly connected to the gas supply piping.
411.1.6,Section 411 (IFGC) Appliance and Manufactured Home Connections,Unions,,,,,,A union fitting shall be provided for appliances connected by rigid metallic pipe. Such unions shall be accessible and located within 6 feet (1829 mm) of the appliance.
411.2,Section 411 (IFGC) Appliance and Manufactured Home Connections,Manufactured Home Connections,,,,,,Manufactured homes shall be connected to the distribution piping system by one of the following materials: Metallic pipe in accordance with Section 403.3.Metallic tubing in accordance with Section 403.4.Listed and labeled connectors in compliance with ANSI Z21.75/CSA 6.27 and installed in accordance with the manufacturer's instructions.
411.3,Section 411 (IFGC) Appliance and Manufactured Home Connections,Suspended Low-Intensity Infrared Tube Heaters,,,,,,Suspended low-intensity infrared tube heaters shall be connected to the building piping system with a connector listed for the application complying with ANSI Z21.24/CGA 6.10. The connector shall be installed as specified by the tube heater manufacturer's instructions.
411.4,Section 411 (IFGC) Appliance and Manufactured Home Connections,Injection Bunsen-Type Burners,,,,,,Injection Bunsen-type burners used in laboratories and educational facilities shall be connected to the gas supply system by either a listed or unlisted hose.
414.1,Section 414 (IFGC) Supplemental and Standby Gas Supply,Use of Air or Oxygen Under Pressure,,,,,,"Where air or oxygen under pressure is used in connection with the gas supply, effective means such as a backpressure regulator and relief valve shall be provided to prevent air or oxygen from passing back into the gas piping. Where oxygen is used, installation shall be in accordance with NFPA 51."
414.2,Section 414 (IFGC) Supplemental and Standby Gas Supply,Interconnections for Standby Fuels,,,,,,"Where supplementary gas for standby use is connected downstream from a meter or a service regulator where a meter is not provided, a device to prevent backflow shall be installed. A three-way valve installed to admit the standby supply and at the same time shut off the regular supply shall be permitted to be used for this purpose."
415.1,Section 415 (IFGS) Piping Support Intervals,Interval of Support,,,,,,"Piping shall be supported at intervals not exceeding the spacing specified in Table 415.1. Spacing of supports for CSST shall be in accordance with the CSST manufacturer's instructions.TABLE 415.1SUPPORT OF PIPINGSTEEL PIPE, NOMINAL SIZE OF PIPE (inches)SPACING OF SUPPORTS (feet)NOMINAL SIZE OF TUBING (SMOOTH-WALL) (inch O.D.)SPACING OF SUPPORTS (feet)1/261/243/4 or 185/8 or 3/4611/4 or larger (horizontal)107/8 or 1 (horizontal)811/4 or larger (vertical)Every floor level1 or larger (vertical)Every floor levelFor SI: 1 inch = 25.4 mm, 1 foot = 304.8 mm."
416.1,Section 416 (IFGS) Overpressure Protection Devices,Where Required,,,,,,"Where the serving gas supplier delivers gas at a pressure greater than 2 psi for piping systems serving appliances designed to operate at a gas pressure of 14 inches w.c. or less, overpressure protection devices shall be installed. Piping systems serving equipment designed to operate at inlet pressures greater than 14 inches w.c. shall be equipped with overpressure protection devices as required by the appliance manufacturer's installation instructions."
416.2,Section 416 (IFGS) Overpressure Protection Devices,Pressure Limitation Requirements,,,,,,The requirements for pressure limitation shall be in accordance with Sections 416.2.1 through 416.2.5.
416.2.1,Section 416 (IFGS) Overpressure Protection Devices,Pressure Under 14 Inches W.C,,,,,,"Where piping systems serving appliances designed to operate with a gas supply pressure of 14 inches w.c. or less are required to be equipped with overpressure protection by Section 416.1, each overpressure protection device shall be adjusted to limit the gas pressure to each connected appliance to 2 psi or less upon a failure of the line pressure regulator."
416.2.2,Section 416 (IFGS) Overpressure Protection Devices,Pressure Over 14 Inches W.C,,,,,,"Where piping systems serving appliances designed to operate with a gas supply pressure greater than 14 inches w.c. are required to be equipped with overpressure protection by Section 416.1, each overpressure protection device shall be adjusted to limit the gas pressure to each connected appliance as required by the appliance manufacturer's installation instructions."
416.2.3,Section 416 (IFGS) Overpressure Protection Devices,Device Capability,,,,,,"Each overpressure protection device installed to meet the requirements of this section shall be capable of limiting the pressure to its connected appliance(s) as required by this Section 416.2.1, independently of any other pressure control equipment in the piping system."
416.2.4,Section 416 (IFGS) Overpressure Protection Devices,Failure Detection,,,,,,Each gas piping system for which an overpressure protection device is required by Section 416 shall be designed and installed so that a failure of the primary pressure control device(s) is detectable.
416.2.5,Section 416 (IFGS) Overpressure Protection Devices,Relief Valve,,,,,,"Where a pressure relief valve is used to meet the requirements of Section 416, it shall have a flow capacity such that the pressure in the protected system is maintained at or below the limits specified in Section 416.2.1 under all of the following conditions: The line pressure regulator for which the relief valve is providing overpressure protection has failed wide open.The gas pressure at the inlet of the line pressure regulator for which the relief valve is providing over-pressure protection is not less than the regulator's normal operating inlet pressure."
416.3,Section 416 (IFGS) Overpressure Protection Devices,Overpressure Protection Devices,,,,,,"Overpressure protection devices shall be one of the following: Pressure relief valve.Monitoring regulator.Series regulator installed upstream from the line regulator and set to continuously limit the pressure on the inlet of the line regulator to the maximum values specified by Section 416.2.1.Automatic shutoff device installed in series with the line pressure regulator and set to shut off when the pressure on the downstream piping system reaches the maximum values specified by Section 416.2.1. This device shall be designed so that it will remain closed until manually reset. The devices specified in this section shall be installed either as an integral part of the service or line pressure regulator or as separate units. Where separate overpressure protection devices are installed, they shall comply with Sections 416.3.1 through 416.3.6."
416.3.1,Section 416 (IFGS) Overpressure Protection Devices,Construction and Installation,,,,,,Overpressure protection devices shall be constructed of materials so that the operation of the devices will not be impaired by corrosion of external parts by the atmosphere or of internal parts by the gas. Overpressure protection devices shall be designed and installed so that they can be operated to determine whether the valve is free. The devices shall be designed and installed so that they can be tested to determine the pressure at which they will operate and examined for leakage when in the closed position.
416.3.2,Section 416 (IFGS) Overpressure Protection Devices,External Control Piping,,,,,,External control piping shall be designed and installed so that damage to the control piping of one device will not render both the regulator and the overpressure protection device inoperative.
416.3.3,Section 416 (IFGS) Overpressure Protection Devices,Setting,,,,,,Each overpressure protection device shall be set so that the gas pressure supplied to the connected appliances does not exceed the limits specified in Sections 416.2.1 and 416.2.2.
416.3.4,Section 416 (IFGS) Overpressure Protection Devices,Unauthorized Operation,,,,,,"Where unauthorized operation of any shutoff valve could render an overpressure protection device inoperative, one of the following shall be accomplished: The valve shall be locked in the open position. Authorized personnel shall be instructed in the importance of leaving the shutoff valve open and of being present while the shutoff valve is closed so that it can be locked in the open position before leaving the premises.Duplicate relief valves shall be installed, each having adequate capacity to protect the system, and the isolating valves and three-way valves shall be arranged so that only one relief valve can be rendered inoperative at a time."
416.3.5,Section 416 (IFGS) Overpressure Protection Devices,Vents,,,,,,"The discharge stacks, vents and outlet parts of all overpressure protection devices shall be located so that gas is safely discharged to the outdoors. Discharge stacks and vents shall be designed to prevent the entry of water, insects and other foreign material that could cause blockage. The discharge stack or vent line shall be not less than the same size as the outlet of the pressure-relieving device."
416.3.6,Section 416 (IFGS) Overpressure Protection Devices,"Size of Fittings, Pipe and Openings",,,,,,"The fittings, pipe and openings located between the system to be protected and the pressure-relieving device shall be sized to prevent hammering of the valve and to prevent impairment of relief capacity."
